Name,Type1,Type2,Hauteur,Largeur,Mode,Couleur1,Couleur2,Couleur3,Extension
bulbasaur,Grass,Poison,120.0,120.0,P,"(176,179,180)","(141,125,108)","(9,47,99)",PNG
ivysaur,Grass,Poison,120.0,120.0,RGBA,"(149,210,218)","(244,114,136)","(76,112,107)",PNG
venusaur,Grass,Poison,120.0,120.0,RGBA,"(157,220,219)","(125,121,108)","(191,192,192)",PNG
charmander,Fire,,120.0,120.0,RGBA,"(0,0,1)","(150,114,78)","(194,191,190)",PNG
charmeleon,Fire,,120.0,120.0,RGBA,"(194,106,68)","(245,180,154)","(193,190,186)",PNG
charizard,Fire,Flying,120.0,120.0,RGBA,"(209,209,208)","(31,134,148)","(226,175,111)",PNG
squirtle,Water,,120.0,120.0,RGBA,"(156,215,222)","(118,129,119)","(180,185,186)",PNG
wartortle,Water,,120.0,120.0,RGBA,"(136,144,149)","(205,221,233)","(185,187,188)",PNG
blastoise,Water,,120.0,120.0,RGBA,"(238,232,215)","(86,88,90)","(152,173,200)",PNG
caterpie,Bug,,120.0,120.0,RGBA,"(106,114,64)","(194,198,198)","(179,207,117)",PNG
metapod,Bug,,120.0,120.0,P,"(139,130,93)","(143,154,159)","(4,38,81)",PNG
butterfree,Bug,Flying,120.0,120.0,RGBA,"(1,0,1)","(45,45,46)","(126,126,140)",PNG
weedle,Bug,Poison,120.0,120.0,RGBA,"(241,204,160)","(146,112,85)","(190,188,191)",PNG
kakuna,Bug,Poison,120.0,120.0,P,"(150,153,155)","(19,33,86)","(152,99,32)",PNG
beedrill,Bug,Poison,120.0,120.0,RGBA,"(208,203,175)","(240,241,242)","(113,100,87)",PNG
pidgey,Normal,Flying,120.0,120.0,RGBA,"(244,232,180)","(142,119,86)","(194,192,193)",PNG
pidgeotto,Normal,Flying,120.0,120.0,RGBA,"(191,193,193)","(165,115,76)","(239,233,186)",PNG
pidgeot,Normal,Flying,120.0,120.0,RGBA,"(245,240,191)","(165,133,93)","(194,193,188)",PNG
rattata,Normal,,120.0,120.0,RGBA,"(0,0,0)","(192,191,191)","(207,179,200)",PNG
raticate,Normal,,120.0,120.0,RGBA,"(241,222,183)","(186,144,77)","(196,195,195)",PNG
spearow,Normal,Flying,120.0,120.0,RGBA,"(169,115,92)","(237,222,206)","(193,194,194)",PNG
fearow,Normal,Flying,120.0,120.0,RGBA,"(176,123,69)","(199,199,200)","(209,188,169)",PNG
ekans,Poison,,120.0,120.0,P,"(122,127,128)","(90,85,69)","(2,16,40)",PNG
arbok,Poison,,120.0,120.0,P,"(1,1,1)","(174,179,179)","(88,102,127)",PNG
pikachu,Electric,,120.0,120.0,P,"(189,191,193)","(10,34,108)","(179,121,43)",PNG
raichu,Electric,,120.0,120.0,RGBA,"(247,221,120)","(124,102,59)","(204,203,202)",PNG
sandshrew,Ground,,120.0,120.0,RGBA,"(238,215,108)","(142,127,82)","(231,227,208)",PNG
sandslash,Ground,,120.0,120.0,RGBA,"(238,222,156)","(139,102,42)","(192,192,193)",PNG
nidoran-f,Poison,,120.0,120.0,P,"(170,169,168)","(63,100,129)","(153,106,59)",PNG
nidorina,Poison,,120.0,120.0,P,"(207,208,207)","(88,126,154)","(179,102,46)",PNG
nidoqueen,Poison,Ground,120.0,120.0,RGBA,"(179,205,216)","(103,124,139)","(190,190,190)",PNG
nidoran-m,Poison,,120.0,120.0,P,"(170,175,175)","(121,100,60)","(9,22,74)",PNG
nidorino,Poison,,120.0,120.0,P,"(157,123,63)","(15,49,111)","(190,194,194)",PNG
nidoking,Poison,Ground,120.0,120.0,RGBA,"(217,175,211)","(190,191,191)","(119,105,131)",PNG
clefairy,Fairy,,120.0,120.0,P,"(145,147,147)","(120,104,47)","(10,42,100)",PNG
clefable,Fairy,,120.0,120.0,P,"(1,1,1)","(199,200,200)","(19,65,141)",PNG
vulpix,Fire,,120.0,120.0,P,"(187,195,195)","(146,55,25)","(101,120,152)",PNG
ninetales,Fire,,120.0,120.0,RGBA,"(249,240,138)","(162,148,84)","(187,186,183)",PNG
jigglypuff,Normal,Fairy,120.0,120.0,P,"(25,58,123)","(140,99,61)","(178,182,181)",PNG
wigglytuff,Normal,Fairy,120.0,120.0,P,"(219,224,225)","(197,136,75)","(59,85,133)",PNG
zubat,Poison,Flying,120.0,120.0,RGBA,"(160,100,149)","(60,90,116)","(200,200,200)",PNG
golbat,Poison,Flying,120.0,120.0,RGBA,"(125,107,151)","(198,193,193)","(34,45,57)",PNG
oddish,Grass,Poison,120.0,120.0,RGBA,"(101,146,143)","(54,147,44)","(193,192,193)",PNG
gloom,Grass,Poison,120.0,120.0,RGBA,"(171,98,68)","(84,121,156)","(197,194,194)",PNG
vileplume,Grass,Poison,120.0,120.0,RGBA,"(199,98,103)","(88,125,159)","(186,183,184)",PNG
paras,Bug,Grass,120.0,120.0,RGBA,"(244,183,79)","(122,87,61)","(213,194,211)",PNG
parasect,Bug,Grass,120.0,120.0,RGBA,"(251,190,76)","(242,197,226)","(146,97,84)",PNG
venonat,Bug,Poison,120.0,120.0,RGBA,"(174,143,195)","(96,81,122)","(194,194,193)",PNG
venomoth,Bug,Poison,120.0,120.0,P,"(179,185,185)","(180,117,42)","(17,40,99)",PNG
diglett,Ground,,120.0,120.0,P,"(108,120,122)","(63,70,84)","(120,112,76)",PNG
dugtrio,Ground,,120.0,120.0,P,"(1,1,1)","(124,115,96)","(17,32,87)",PNG
meowth,Normal,,120.0,120.0,RGBA,"(232,225,203)","(120,105,84)","(189,188,187)",PNG
persian,Normal,,120.0,120.0,P,"(202,206,204)","(29,97,170)","(154,64,13)",PNG
psyduck,Water,,120.0,120.0,RGBA,"(250,230,161)","(182,154,99)","(189,189,191)",PNG
golduck,Water,,120.0,120.0,RGBA,"(161,202,230)","(92,128,156)","(192,191,191)",PNG
mankey,Fighting,,120.0,120.0,P,"(10,48,127)","(156,103,42)","(186,197,196)",PNG
primeape,Fighting,,120.0,120.0,RGBA,"(250,236,224)","(106,85,68)","(193,166,144)",PNG
growlithe,Fire,,120.0,120.0,RGBA,"(248,228,191)","(113,84,63)","(210,161,116)",PNG
arcanine,Fire,,120.0,120.0,RGBA,"(217,162,114)","(107,84,64)","(249,234,195)",PNG
poliwag,Water,,120.0,120.0,RGBA,"(108,135,173)","(226,228,234)","(56,68,88)",PNG
poliwhirl,Water,,120.0,120.0,RGBA,"(109,132,165)","(226,227,230)","(43,56,73)",PNG
poliwrath,Water,Fighting,120.0,120.0,P,"(2,1,1)","(215,223,228)","(12,42,105)",PNG
abra,Psychic,,120.0,120.0,RGBA,"(241,234,66)","(137,120,59)","(191,190,185)",PNG
kadabra,Psychic,,120.0,120.0,RGBA,"(0,1,1)","(128,109,72)","(188,186,184)",PNG
alakazam,Psychic,,120.0,120.0,RGBA,"(244,237,95)","(126,110,76)","(192,192,193)",PNG
machop,Fighting,,120.0,120.0,P,"(141,144,145)","(153,129,64)","(12,41,90)",PNG
machoke,Fighting,,120.0,120.0,RGBA,"(120,110,121)","(200,201,224)","(189,188,189)",PNG
machamp,Fighting,,120.0,120.0,RGBA,"(116,121,132)","(181,199,221)","(189,189,189)",PNG
bellsprout,Grass,Poison,120.0,120.0,RGBA,"(0,1,1)","(188,188,187)","(107,119,89)",PNG
weepinbell,Grass,Poison,120.0,120.0,RGBA,"(212,230,144)","(110,115,87)","(192,192,194)",PNG
victreebel,Grass,Poison,120.0,120.0,RGBA,"(212,230,127)","(108,116,77)","(187,188,185)",PNG
tentacool,Water,Poison,120.0,120.0,RGBA,"(158,207,231)","(139,107,119)","(193,192,193)",PNG
tentacruel,Water,Poison,120.0,120.0,RGBA,"(127,96,106)","(184,184,183)","(170,207,226)",PNG
geodude,Rock,Ground,120.0,120.0,P,"(90,92,92)","(83,58,25)","(14,41,71)",PNG
graveler,Rock,Ground,120.0,120.0,P,"(111,112,112)","(100,70,32)","(12,36,71)",PNG
golem,Rock,Ground,120.0,120.0,P,"(166,167,169)","(8,48,107)","(136,134,128)",PNG
ponyta,Fire,,120.0,120.0,RGBA,"(245,238,172)","(199,188,176)","(192,120,37)",PNG
rapidash,Fire,,120.0,120.0,RGBA,"(0,1,0)","(220,125,18)","(205,189,175)",PNG
slowpoke,Water,Psychic,120.0,120.0,P,"(158,160,161)","(28,59,121)","(127,117,88)",PNG
slowbro,Water,Psychic,120.0,120.0,RGBA,"(232,207,214)","(142,123,125)","(187,188,189)",PNG
magnemite,Electric,Steel,120.0,120.0,RGBA,"(200,219,224)","(104,111,112)","(184,184,184)",PNG
magneton,Electric,Steel,120.0,120.0,RGBA,"(196,215,219)","(107,115,116)","(192,192,192)",PNG
farfetchd,Normal,Flying,120.0,120.0,RGBA,"(219,201,183)","(150,143,77)","(202,201,197)",PNG
doduo,Normal,Flying,120.0,120.0,P,"(201,209,210)","(13,74,123)","(166,157,85)",PNG
dodrio,Normal,Flying,120.0,120.0,RGBA,"(206,164,128)","(73,64,57)","(193,194,194)",PNG
seel,Water,,120.0,120.0,P,"(128,130,127)","(131,112,62)","(46,76,106)",PNG
dewgong,Water,Ice,120.0,120.0,P,"(105,108,108)","(11,36,69)","(105,78,38)",PNG
grimer,Poison,,120.0,120.0,P,"(127,128,129)","(97,75,43)","(7,41,101)",PNG
muk,Poison,,120.0,120.0,P,"(1,1,1)","(150,151,150)","(86,100,114)",PNG
shellder,Water,,120.0,120.0,P,"(113,111,107)","(173,182,180)","(4,27,99)",PNG
cloyster,Water,Ice,120.0,120.0,P,"(1,1,1)","(151,107,44)","(10,19,64)",PNG
gastly,Ghost,Poison,120.0,120.0,P,"(73,65,54)","(129,135,136)","(86,88,93)",PNG
haunter,Ghost,Poison,120.0,120.0,P,"(138,91,36)","(11,47,98)","(159,162,162)",PNG
gengar,Ghost,Poison,120.0,120.0,P,"(167,169,170)","(128,124,110)","(6,30,92)",PNG
onix,Rock,Ground,120.0,120.0,P,"(114,115,115)","(11,35,84)","(104,75,41)",PNG
drowzee,Psychic,,120.0,120.0,RGBA,"(1,1,1)","(244,232,62)","(191,189,186)",PNG
hypno,Psychic,,120.0,120.0,RGBA,"(247,230,60)","(219,219,221)","(152,138,59)",PNG
krabby,Water,,120.0,120.0,RGBA,"(227,193,166)","(142,100,73)","(187,185,186)",PNG
kingler,Water,,120.0,120.0,RGBA,"(237,158,104)","(117,87,70)","(220,216,215)",PNG
voltorb,Electric,,120.0,120.0,RGBA,"(253,162,145)","(195,198,214)","(146,106,105)",PNG
electrode,Electric,,120.0,120.0,P,"(163,165,166)","(131,125,111)","(22,47,113)",PNG
exeggcute,Grass,Psychic,120.0,120.0,P,"(1,1,1)","(107,99,82)","(5,33,80)",PNG
exeggutor,Grass,Psychic,120.0,120.0,RGBA,"(220,219,182)","(112,140,105)","(204,203,205)",PNG
cubone,Ground,,120.0,120.0,P,"(194,201,198)","(80,115,160)","(180,143,87)",PNG
marowak,Ground,,120.0,120.0,RGBA,"(0,1,1)","(235,231,226)","(192,192,192)",PNG
hitmonlee,Fighting,,120.0,120.0,P,"(144,147,149)","(150,121,59)","(10,33,85)",PNG
hitmonchan,Fighting,,120.0,120.0,RGBA,"(220,201,198)","(142,105,96)","(187,188,188)",PNG
lickitung,Normal,,120.0,120.0,P,"(183,189,186)","(96,115,140)","(180,154,88)",PNG
koffing,Poison,,120.0,120.0,P,"(173,174,175)","(140,97,51)","(35,61,101)",PNG
weezing,Poison,,120.0,120.0,RGBA,"(198,176,206)","(135,122,111)","(201,201,194)",PNG
rhyhorn,Ground,Rock,120.0,120.0,P,"(106,106,108)","(92,88,71)","(4,6,51)",PNG
rhydon,Ground,Rock,120.0,120.0,RGBA,"(202,204,206)","(117,120,130)","(186,186,187)",PNG
chansey,Normal,,120.0,120.0,P,"(172,174,172)","(1,1,1)","(57,82,126)",PNG
tangela,Grass,,120.0,120.0,RGBA,"(1,0,1)","(49,59,67)","(95,129,153)",PNG
kangaskhan,Normal,,120.0,120.0,RGBA,"(182,151,124)","(244,235,184)","(119,93,75)",PNG
horsea,Water,,120.0,120.0,RGBA,"(172,221,229)","(114,128,130)","(192,192,191)",PNG
seadra,Water,,120.0,120.0,RGBA,"(109,145,156)","(200,200,200)","(177,224,228)",PNG
goldeen,Water,,120.0,120.0,RGBA,"(229,227,224)","(194,195,195)","(155,134,123)",PNG
seaking,Water,,120.0,120.0,RGBA,"(183,118,90)","(233,230,229)","(193,194,194)",PNG
staryu,Water,,120.0,120.0,P,"(93,105,133)","(185,183,177)","(157,112,51)",PNG
starmie,Water,Psychic,120.0,120.0,RGBA,"(111,95,77)","(182,157,144)","(212,211,242)",PNG
mr-mime,Psychic,Fairy,120.0,120.0,RGBA,"(0,1,1)","(224,188,198)","(58,79,107)",PNG
scyther,Bug,Flying,120.0,120.0,RGBA,"(193,223,169)","(117,143,100)","(221,220,213)",PNG
jynx,Ice,Psychic,120.0,120.0,RGBA,"(0,1,0)","(248,111,100)","(223,215,209)",PNG
electabuzz,Electric,,120.0,120.0,RGBA,"(229,215,112)","(75,70,49)","(186,184,182)",PNG
magmar,Fire,,120.0,120.0,RGBA,"(190,93,41)","(232,218,125)","(191,188,188)",PNG
pinsir,Bug,,120.0,120.0,P,"(1,1,1)","(168,169,169)","(11,59,129)",PNG
tauros,Normal,,120.0,120.0,RGBA,"(1,0,1)","(211,175,123)","(192,191,190)",PNG
magikarp,Water,,120.0,120.0,RGBA,"(193,119,82)","(231,222,219)","(207,206,206)",PNG
gyarados,Water,Flying,120.0,120.0,RGBA,"(70,125,145)","(208,209,209)","(217,205,191)",PNG
lapras,Water,Ice,120.0,120.0,RGBA,"(95,170,205)","(231,227,213)","(186,187,187)",PNG
ditto,Normal,,120.0,120.0,P,"(82,83,83)","(81,62,28)","(4,18,51)",PNG
eevee,Normal,,120.0,120.0,P,"(197,205,204)","(41,67,147)","(137,128,109)",PNG
vaporeon,Water,,120.0,120.0,RGBA,"(1,1,1)","(177,221,230)","(192,193,192)",PNG
jolteon,Electric,,120.0,120.0,RGBA,"(236,217,87)","(217,218,219)","(111,97,70)",PNG
flareon,Fire,,120.0,120.0,RGBA,"(210,128,64)","(240,237,168)","(55,42,38)",PNG
porygon,Normal,,120.0,120.0,RGBA,"(69,151,185)","(189,187,186)","(209,98,102)",PNG
omanyte,Rock,Water,120.0,120.0,RGBA,"(249,241,195)","(94,113,109)","(161,192,186)",PNG
omastar,Rock,Water,120.0,120.0,RGBA,"(114,132,124)","(112,203,230)","(238,232,193)",PNG
kabuto,Rock,Water,120.0,120.0,RGBA,"(210,162,120)","(79,63,45)","(181,182,182)",PNG
kabutops,Rock,Water,120.0,120.0,RGBA,"(116,90,60)","(219,175,119)","(186,186,186)",PNG
aerodactyl,Rock,Flying,120.0,120.0,RGBA,"(226,220,236)","(143,125,147)","(186,183,188)",PNG
snorlax,Normal,,120.0,120.0,P,"(2,1,1)","(138,134,128)","(3,24,86)",PNG
articuno,Ice,Flying,120.0,120.0,RGBA,"(156,202,233)","(79,126,156)","(179,189,197)",PNG
zapdos,Electric,Flying,120.0,120.0,RGBA,"(228,206,116)","(200,200,200)","(91,80,55)",PNG
moltres,Fire,Flying,120.0,120.0,RGBA,"(242,193,64)","(211,188,154)","(193,108,36)",PNG
dratini,Dragon,,120.0,120.0,P,"(1,1,1)","(29,71,111)","(178,181,180)",PNG
dragonair,Dragon,,120.0,120.0,RGBA,"(244,245,245)","(120,158,199)","(188,189,189)",PNG
dragonite,Dragon,Flying,120.0,120.0,RGBA,"(1,0,0)","(133,128,92)","(242,212,139)",PNG
mewtwo,Psychic,,120.0,120.0,P,"(175,188,188)","(7,41,112)","(183,151,75)",PNG
mew,Psychic,,120.0,120.0,P,"(24,83,118)","(129,132,131)","(118,68,29)",PNG
chikorita,Grass,,120.0,120.0,RGBA,"(230,241,186)","(118,149,92)","(191,194,191)",PNG
bayleef,Grass,,120.0,120.0,RGBA,"(147,157,90)","(234,232,147)","(189,187,187)",PNG
meganium,Grass,,120.0,120.0,RGBA,"(210,233,154)","(181,138,113)","(206,206,206)",PNG
cyndaquil,Fire,,120.0,120.0,P,"(1,1,1)","(98,98,108)","(166,128,54)",PNG
quilava,Fire,,120.0,120.0,RGBA,"(43,94,104)","(230,214,157)","(194,192,190)",PNG
typhlosion,Fire,,120.0,120.0,RGBA,"(246,234,150)","(100,103,100)","(190,189,188)",PNG
totodile,Water,,120.0,120.0,RGBA,"(82,132,133)","(223,211,170)","(107,204,218)",PNG
croconaw,Water,,120.0,120.0,RGBA,"(104,128,127)","(232,203,129)","(147,216,227)",PNG
feraligatr,Water,,120.0,120.0,RGBA,"(93,142,162)","(118,220,249)","(223,199,170)",PNG
sentret,Normal,,120.0,120.0,P,"(158,163,162)","(129,110,78)","(3,23,86)",PNG
furret,Normal,,120.0,120.0,P,"(7,38,130)","(194,199,198)","(188,139,64)",PNG
hoothoot,Normal,Flying,120.0,120.0,RGBA,"(228,183,146)","(78,64,56)","(192,193,194)",PNG
noctowl,Normal,Flying,120.0,120.0,RGBA,"(180,138,109)","(87,63,49)","(224,215,183)",PNG
ledyba,Bug,Flying,120.0,120.0,RGBA,"(231,197,146)","(109,87,73)","(192,193,193)",PNG
ledian,Bug,Flying,120.0,120.0,RGBA,"(217,91,101)","(224,220,196)","(68,61,67)",PNG
spinarak,Bug,Poison,120.0,120.0,RGBA,"(206,220,136)","(93,98,73)","(187,189,187)",PNG
ariados,Bug,Poison,120.0,120.0,RGBA,"(223,162,147)","(117,78,84)","(188,188,190)",PNG
crobat,Poison,Flying,120.0,120.0,RGBA,"(136,155,193)","(182,189,190)","(100,89,125)",PNG
chinchou,Water,Electric,120.0,120.0,RGBA,"(103,116,144)","(192,193,194)","(237,233,138)",PNG
lanturn,Water,Electric,120.0,120.0,RGBA,"(190,202,224)","(245,235,118)","(113,124,156)",PNG
pichu,Electric,,120.0,120.0,P,"(178,186,185)","(70,89,113)","(129,73,20)",PNG
cleffa,Fairy,,120.0,120.0,P,"(143,145,142)","(79,92,108)","(125,102,53)",PNG
igglybuff,Normal,Fairy,120.0,120.0,P,"(126,127,126)","(47,79,113)","(116,100,64)",PNG
togepi,Fairy,,120.0,120.0,RGBA,"(234,227,206)","(126,125,119)","(194,194,194)",PNG
togetic,Fairy,Flying,120.0,120.0,P,"(145,153,155)","(155,125,63)","(15,46,99)",PNG
natu,Psychic,Flying,120.0,120.0,RGBA,"(179,206,66)","(108,72,52)","(195,191,195)",PNG
xatu,Psychic,Flying,120.0,120.0,RGBA,"(1,0,1)","(225,231,237)","(162,194,67)",PNG
mareep,Electric,,120.0,120.0,RGBA,"(233,222,172)","(93,119,142)","(194,193,196)",PNG
flaaffy,Electric,,120.0,120.0,RGBA,"(236,208,225)","(136,120,129)","(192,191,191)",PNG
ampharos,Electric,,120.0,120.0,RGBA,"(247,225,65)","(234,229,227)","(142,116,67)",PNG
bellossom,Grass,,120.0,120.0,RGBA,"(102,133,81)","(228,181,107)","(192,192,195)",PNG
marill,Water,Fairy,120.0,120.0,RGBA,"(47,153,207)","(114,84,95)","(195,196,197)",PNG
azumarill,Water,Fairy,120.0,120.0,RGBA,"(47,153,207)","(114,84,95)","(195,196,197)",PNG
sudowoodo,Rock,,120.0,120.0,RGBA,"(148,108,80)","(192,190,192)","(74,187,117)",PNG
politoed,Water,,120.0,120.0,RGBA,"(129,177,66)","(236,235,118)","(189,190,188)",PNG
hoppip,Grass,Flying,120.0,120.0,RGBA,"(239,151,176)","(99,106,57)","(195,193,193)",PNG
skiploom,Grass,Flying,120.0,120.0,RGBA,"(146,202,56)","(185,185,183)","(94,131,37)",PNG
jumpluff,Grass,Flying,120.0,120.0,RGBA,"(246,234,186)","(115,127,171)","(209,202,199)",PNG
aipom,Normal,,120.0,120.0,RGBA,"(240,230,181)","(159,112,158)","(191,190,190)",PNG
sunkern,Grass,,120.0,120.0,RGBA,"(238,224,88)","(79,79,48)","(190,189,190)",PNG
sunflora,Grass,,120.0,120.0,RGBA,"(124,159,81)","(245,230,117)","(190,191,190)",PNG
yanma,Bug,Flying,120.0,120.0,RGBA,"(240,233,229)","(137,114,64)","(182,177,174)",PNG
wooper,Water,Ground,120.0,120.0,RGBA,"(169,206,231)","(109,111,129)","(192,191,191)",PNG
quagsire,Water,Ground,120.0,120.0,P,"(109,110,110)","(13,60,97)","(104,70,26)",PNG
espeon,Psychic,,120.0,120.0,P,"(189,211,213)","(12,26,70)","(174,148,99)",PNG
umbreon,Dark,,120.0,120.0,P,"(1,1,1)","(4,36,92)","(144,136,71)",PNG
murkrow,Dark,Flying,120.0,120.0,RGBA,"(27,49,75)","(195,176,138)","(193,194,194)",PNG
slowking,Water,Psychic,120.0,120.0,RGBA,"(1,1,1)","(173,134,128)","(190,189,189)",PNG
misdreavus,Ghost,,120.0,120.0,RGBA,"(91,145,166)","(205,166,167)","(65,79,93)",PNG
unown,Psychic,,120.0,120.0,P,"(57,67,69)","(109,111,107)","(65,39,16)",PNG
wobbuffet,Psychic,,120.0,120.0,P,"(1,1,1)","(138,139,139)","(7,34,87)",PNG
girafarig,Normal,Psychic,120.0,120.0,RGBA,"(52,33,25)","(205,195,194)","(231,175,30)",PNG
pineco,Bug,,120.0,120.0,P,"(128,130,131)","(8,38,82)","(115,100,60)",PNG
forretress,Bug,Steel,120.0,120.0,RGBA,"(177,162,165)","(133,32,29)","(237,213,217)",PNG
dunsparce,Normal,,120.0,120.0,RGBA,"(74,137,134)","(236,232,143)","(188,189,190)",PNG
gligar,Ground,Flying,120.0,120.0,RGBA,"(188,187,187)","(131,101,141)","(236,160,206)",PNG
steelix,Steel,Ground,120.0,120.0,P,"(171,173,173)","(25,62,120)","(156,108,40)",PNG
snubbull,Fairy,,120.0,120.0,RGBA,"(229,160,171)","(107,82,80)","(188,187,187)",PNG
granbull,Fairy,,120.0,120.0,P,"(203,207,208)","(192,150,85)","(45,84,131)",PNG
qwilfish,Water,Poison,120.0,120.0,RGBA,"(68,120,116)","(213,218,168)","(193,192,191)",PNG
scizor,Bug,Steel,120.0,120.0,RGBA,"(223,99,95)","(196,202,208)","(123,58,55)",PNG
shuckle,Bug,Rock,120.0,120.0,RGBA,"(247,215,60)","(219,212,190)","(183,92,57)",PNG
heracross,Bug,Fighting,120.0,120.0,RGBA,"(1,1,0)","(189,188,187)","(64,97,121)",PNG
sneasel,Dark,Ice,120.0,120.0,RGBA,"(67,102,126)","(209,209,209)","(203,126,116)",PNG
teddiursa,Normal,,120.0,120.0,RGBA,"(242,172,92)","(142,96,50)","(207,208,196)",PNG
ursaring,Normal,,120.0,120.0,RGBA,"(1,1,0)","(225,222,173)","(122,74,52)",PNG
slugma,Fire,,120.0,120.0,RGBA,"(245,150,98)","(185,176,176)","(178,81,53)",PNG
magcargo,Fire,Rock,120.0,120.0,RGBA,"(1,0,0)","(230,109,78)","(181,183,168)",PNG
swinub,Ice,Ground,120.0,120.0,P,"(65,72,85)","(116,118,115)","(96,80,32)",PNG
piloswine,Ice,Ground,120.0,120.0,P,"(166,167,167)","(142,107,53)","(7,47,100)",PNG
corsola,Water,Rock,120.0,120.0,P,"(1,1,1)","(205,166,77)","(32,94,159)",PNG
remoraid,Water,,120.0,120.0,P,"(1,1,1)","(120,122,124)","(124,106,25)",PNG
octillery,Water,,120.0,120.0,RGBA,"(244,102,77)","(177,66,49)","(196,195,193)",PNG
delibird,Ice,Flying,120.0,120.0,RGBA,"(247,245,247)","(172,56,39)","(183,178,176)",PNG
mantine,Water,Flying,120.0,120.0,RGBA,"(209,201,210)","(72,95,121)","(208,205,205)",PNG
skarmory,Steel,Flying,120.0,120.0,P,"(199,212,212)","(209,138,38)","(14,35,126)",PNG
houndour,Dark,Fire,120.0,120.0,P,"(82,89,97)","(97,58,10)","(137,151,154)",PNG
houndoom,Dark,Fire,120.0,120.0,P,"(170,177,178)","(10,51,126)","(162,130,47)",PNG
kingdra,Water,Dragon,120.0,120.0,RGBA,"(113,185,221)","(193,194,194)","(129,128,94)",PNG
phanpy,Ground,,120.0,120.0,P,"(178,181,182)","(165,157,110)","(23,50,114)",PNG
donphan,Ground,,120.0,120.0,P,"(1,1,1)","(197,201,202)","(162,134,64)",PNG
porygon2,Normal,,120.0,120.0,RGBA,"(85,122,155)","(149,207,229)","(231,94,113)",PNG
stantler,Normal,,120.0,120.0,RGBA,"(133,105,83)","(224,193,142)","(186,184,185)",PNG
smeargle,Normal,,120.0,120.0,RGBA,"(233,225,209)","(133,117,73)","(187,187,186)",PNG
tyrogue,Fighting,,120.0,120.0,P,"(185,196,195)","(190,130,46)","(28,79,143)",PNG
hitmontop,Fighting,,120.0,120.0,RGBA,"(210,172,140)","(92,107,124)","(192,193,194)",PNG
smoochum,Ice,Psychic,120.0,120.0,RGBA,"(239,211,160)","(152,111,104)","(194,193,195)",PNG
elekid,Electric,,120.0,120.0,RGBA,"(225,209,109)","(68,63,42)","(187,186,184)",PNG
magby,Fire,,120.0,120.0,RGBA,"(235,123,116)","(143,78,73)","(219,219,179)",PNG
miltank,Normal,,120.0,120.0,RGBA,"(180,155,147)","(41,45,51)","(250,218,204)",PNG
blissey,Normal,,120.0,120.0,P,"(101,125,149)","(183,183,181)","(166,138,77)",PNG
raikou,Electric,,120.0,120.0,RGBA,"(224,212,217)","(246,228,61)","(133,118,101)",PNG
entei,Fire,,120.0,120.0,RGBA,"(135,138,135)","(222,226,198)","(133,72,33)",PNG
suicune,Water,,120.0,120.0,RGBA,"(93,122,141)","(186,200,209)","(191,192,192)",PNG
larvitar,Rock,Ground,120.0,120.0,P,"(157,156,153)","(15,49,121)","(145,48,12)",PNG
pupitar,Rock,Ground,120.0,120.0,P,"(158,163,163)","(50,74,115)","(157,136,73)",PNG
tyranitar,Rock,Dark,120.0,120.0,RGBA,"(185,204,149)","(104,111,89)","(193,193,194)",PNG
lugia,Psychic,Flying,120.0,120.0,RGBA,"(227,229,242)","(115,120,142)","(199,199,201)",PNG
ho-oh,Fire,Flying,120.0,120.0,RGBA,"(1,1,1)","(233,96,29)","(212,215,203)",PNG
celebi,Psychic,Grass,120.0,120.0,RGBA,"(225,237,199)","(114,132,103)","(198,199,198)",PNG
treecko,Grass,,120.0,120.0,RGBA,"(216,218,137)","(119,131,81)","(190,190,192)",PNG
grovyle,Grass,,120.0,120.0,RGBA,"(194,193,194)","(89,112,81)","(179,188,145)",PNG
sceptile,Grass,,120.0,120.0,RGBA,"(194,193,194)","(159,215,156)","(94,125,91)",PNG
torchic,Fire,,120.0,120.0,RGBA,"(153,122,68)","(193,192,192)","(247,187,79)",PNG
combusken,Fire,Fighting,120.0,120.0,RGBA,"(245,213,145)","(155,113,80)","(191,192,193)",PNG
blaziken,Fire,Fighting,120.0,120.0,RGBA,"(243,223,164)","(186,99,71)","(193,195,196)",PNG
mudkip,Water,,120.0,120.0,RGBA,"(170,214,240)","(237,171,74)","(112,145,162)",PNG
marshtomp,Water,Ground,120.0,120.0,RGBA,"(224,186,152)","(172,233,236)","(102,130,131)",PNG
swampert,Water,Ground,120.0,120.0,RGBA,"(162,208,220)","(92,112,123)","(189,190,191)",PNG
poochyena,Dark,,120.0,120.0,P,"(65,70,80)","(113,119,119)","(105,80,16)",PNG
mightyena,Dark,,120.0,120.0,P,"(2,1,1)","(103,104,97)","(7,47,116)",PNG
zigzagoon,Normal,,120.0,120.0,P,"(1,1,1)","(132,110,45)","(79,92,101)",PNG
linoone,Normal,,120.0,120.0,P,"(157,160,160)","(124,125,105)","(9,18,83)",PNG
wurmple,Bug,,120.0,120.0,RGBA,"(196,194,193)","(236,235,230)","(189,110,106)",PNG
silcoon,Bug,,120.0,120.0,P,"(108,110,111)","(111,88,34)","(32,61,95)",PNG
beautifly,Bug,Flying,120.0,120.0,RGBA,"(94,89,86)","(210,218,220)","(234,183,80)",PNG
cascoon,Bug,,120.0,120.0,P,"(142,146,143)","(128,96,45)","(57,74,114)",PNG
dustox,Bug,Poison,120.0,120.0,RGBA,"(90,107,43)","(216,186,191)","(161,164,100)",PNG
lotad,Water,Grass,120.0,120.0,RGBA,"(71,117,126)","(136,178,77)","(181,201,196)",PNG
lombre,Water,Grass,120.0,120.0,RGBA,"(186,212,201)","(145,182,103)","(89,122,53)",PNG
ludicolo,Water,Grass,120.0,120.0,RGBA,"(203,214,154)","(116,125,87)","(189,190,188)",PNG
seedot,Grass,,120.0,120.0,P,"(131,135,137)","(18,40,74)","(118,93,68)",PNG
nuzleaf,Grass,Dark,120.0,120.0,RGBA,"(202,181,167)","(123,106,94)","(188,188,188)",PNG
shiftry,Grass,Dark,120.0,120.0,RGBA,"(109,119,79)","(218,216,220)","(203,202,205)",PNG
taillow,Normal,Flying,120.0,120.0,RGBA,"(1,1,0)","(191,126,131)","(234,237,235)",PNG
swellow,Normal,Flying,120.0,120.0,RGBA,"(203,154,170)","(60,58,89)","(187,188,188)",PNG
wingull,Water,Flying,120.0,120.0,RGBA,"(227,233,237)","(183,182,183)","(131,134,143)",PNG
pelipper,Water,Flying,120.0,120.0,RGBA,"(241,228,168)","(118,141,143)","(189,190,191)",PNG
ralts,Psychic,Fairy,120.0,120.0,RGBA,"(153,171,141)","(192,192,193)","(240,244,241)",PNG
kirlia,Psychic,Fairy,120.0,120.0,RGBA,"(208,222,203)","(117,143,109)","(190,192,191)",PNG
gardevoir,Psychic,Fairy,120.0,120.0,RGBA,"(245,249,245)","(191,191,191)","(138,166,132)",PNG
surskit,Bug,Water,120.0,120.0,RGBA,"(155,197,203)","(195,194,193)","(95,131,150)",PNG
masquerain,Bug,Flying,120.0,120.0,RGBA,"(203,151,132)","(199,202,205)","(240,239,238)",PNG
shroomish,Grass,,120.0,120.0,P,"(155,158,160)","(122,97,68)","(17,40,80)",PNG
breloom,Grass,Fighting,120.0,120.0,RGBA,"(203,199,167)","(107,112,87)","(190,188,188)",PNG
slakoth,Normal,,120.0,120.0,P,"(139,143,145)","(118,109,91)","(9,37,86)",PNG
vigoroth,Normal,,120.0,120.0,P,"(1,1,1)","(166,168,166)","(48,86,121)",PNG
slaking,Normal,,120.0,120.0,P,"(190,193,192)","(137,142,148)","(163,111,31)",PNG
nincada,Bug,Ground,120.0,120.0,P,"(143,149,149)","(143,93,20)","(16,33,82)",PNG
ninjask,Bug,Flying,120.0,120.0,RGBA,"(223,218,203)","(92,76,69)","(187,187,187)",PNG
shedinja,Bug,Ghost,120.0,120.0,P,"(178,183,186)","(157,144,114)","(10,41,123)",PNG
whismur,Normal,,120.0,120.0,P,"(183,185,187)","(12,61,141)","(160,142,95)",PNG
loudred,Normal,,120.0,120.0,RGBA,"(206,195,205)","(72,63,70)","(138,133,156)",PNG
exploud,Normal,,120.0,120.0,RGBA,"(189,187,211)","(117,112,129)","(189,190,191)",PNG
makuhita,Fighting,,120.0,120.0,RGBA,"(248,231,155)","(146,131,111)","(188,187,186)",PNG
hariyama,Fighting,,120.0,120.0,RGBA,"(0,0,1)","(249,227,155)","(204,137,105)",PNG
azurill,Normal,Fairy,120.0,120.0,RGBA,"(42,105,142)","(193,176,177)","(54,161,217)",PNG
nosepass,Rock,,120.0,120.0,P,"(1,1,1)","(114,112,100)","(20,48,96)",PNG
skitty,Normal,,120.0,120.0,P,"(209,212,208)","(170,149,86)","(38,95,158)",PNG
delcatty,Normal,,120.0,120.0,RGBA,"(207,172,167)","(116,88,94)","(191,191,190)",PNG
sableye,Dark,Ghost,120.0,120.0,P,"(197,199,199)","(177,112,40)","(31,117,167)",PNG
mawile,Steel,Fairy,120.0,120.0,RGBA,"(83,83,79)","(233,222,160)","(186,187,187)",PNG
aron,Steel,Rock,120.0,120.0,P,"(125,139,140)","(32,46,75)","(121,100,70)",PNG
lairon,Steel,Rock,120.0,120.0,P,"(96,93,88)","(138,140,139)","(28,78,115)",PNG
aggron,Steel,Rock,120.0,120.0,P,"(86,89,91)","(88,53,20)","(120,124,123)",PNG
meditite,Fighting,Psychic,120.0,120.0,P,"(78,119,161)","(229,229,231)","(195,166,92)",PNG
medicham,Fighting,Psychic,120.0,120.0,RGBA,"(242,167,175)","(190,192,192)","(176,96,114)",PNG
electrike,Electric,,120.0,120.0,P,"(167,169,167)","(150,137,94)","(41,85,132)",PNG
manectric,Electric,,120.0,120.0,RGBA,"(121,130,124)","(156,196,219)","(248,238,173)",PNG
plusle,Electric,,120.0,120.0,RGBA,"(187,90,92)","(188,190,189)","(238,232,180)",PNG
minun,Electric,,120.0,120.0,RGBA,"(233,227,183)","(120,132,123)","(113,197,237)",PNG
volbeat,Bug,,120.0,120.0,RGBA,"(205,163,150)","(211,213,220)","(115,78,62)",PNG
illumise,Bug,,120.0,120.0,RGBA,"(91,87,95)","(187,196,207)","(199,200,201)",PNG
roselia,Grass,Poison,120.0,120.0,RGBA,"(177,177,157)","(87,111,94)","(190,191,192)",PNG
gulpin,Poison,,120.0,120.0,P,"(119,121,121)","(129,104,62)","(8,46,90)",PNG
swalot,Poison,,120.0,120.0,P,"(201,204,205)","(9,57,125)","(148,138,121)",PNG
carvanha,Water,Dark,120.0,120.0,RGBA,"(196,198,193)","(189,137,102)","(38,112,166)",PNG
sharpedo,Water,Dark,120.0,120.0,RGBA,"(24,103,149)","(210,206,207)","(186,188,190)",PNG
wailmer,Water,,120.0,120.0,P,"(242,243,242)","(135,140,148)","(169,93,37)",PNG
wailord,Water,,120.0,120.0,RGBA,"(85,185,234)","(248,246,238)","(71,119,145)",PNG
numel,Fire,Ground,120.0,120.0,RGBA,"(187,185,185)","(244,232,172)","(167,150,106)",PNG
camerupt,Fire,Ground,120.0,120.0,RGBA,"(238,151,123)","(231,228,226)","(129,99,92)",PNG
torkoal,Fire,,120.0,120.0,RGBA,"(0,0,0)","(228,192,165)","(191,189,186)",PNG
spoink,Psychic,,120.0,120.0,P,"(74,78,78)","(87,74,35)","(109,115,114)",PNG
grumpig,Psychic,,120.0,120.0,P,"(153,158,161)","(7,30,69)","(109,107,104)",PNG
spinda,Normal,,120.0,120.0,P,"(1,1,1)","(230,237,236)","(113,149,188)",PNG
trapinch,Ground,,120.0,120.0,P,"(186,186,186)","(176,136,69)","(53,85,137)",PNG
vibrava,Ground,Dragon,120.0,120.0,RGBA,"(62,86,63)","(185,179,184)","(172,214,140)",PNG
flygon,Ground,Dragon,120.0,120.0,RGBA,"(134,105,90)","(221,221,222)","(184,215,156)",PNG
cacnea,Grass,,120.0,120.0,RGBA,"(0,1,1)","(184,216,148)","(187,188,188)",PNG
cacturne,Grass,Dark,120.0,120.0,RGBA,"(204,225,173)","(100,138,101)","(196,194,195)",PNG
swablu,Normal,Flying,120.0,120.0,RGBA,"(234,241,247)","(108,158,181)","(189,190,191)",PNG
altaria,Dragon,Flying,120.0,120.0,RGBA,"(239,244,249)","(108,161,185)","(189,189,190)",PNG
zangoose,Normal,,120.0,120.0,RGBA,"(233,233,235)","(171,111,120)","(195,197,197)",PNG
seviper,Poison,,120.0,120.0,RGBA,"(1,1,1)","(75,92,102)","(188,188,188)",PNG
lunatone,Rock,Psychic,120.0,120.0,P,"(1,1,1)","(128,128,129)","(47,64,88)",PNG
solrock,Rock,Psychic,120.0,120.0,RGBA,"(184,116,60)","(242,229,142)","(187,185,183)",PNG
barboach,Water,Ground,120.0,120.0,RGBA,"(89,123,139)","(175,214,228)","(195,197,197)",PNG
whiscash,Water,Ground,120.0,120.0,RGBA,"(48,66,108)","(199,197,195)","(152,177,166)",PNG
corphish,Water,,120.0,120.0,RGBA,"(0,1,1)","(204,108,76)","(188,190,190)",PNG
crawdaunt,Water,Dark,120.0,120.0,RGBA,"(182,83,77)","(62,41,40)","(193,193,180)",PNG
baltoy,Ground,Psychic,120.0,120.0,P,"(182,190,189)","(171,135,64)","(22,52,114)",PNG
claydol,Ground,Psychic,120.0,120.0,P,"(89,89,92)","(197,204,222)","(220,216,148)",PNG
lileep,Rock,Grass,120.0,120.0,RGBA,"(0,0,1)","(211,179,187)","(188,187,187)",PNG
cradily,Rock,Grass,120.0,120.0,RGBA,"(1,0,1)","(108,107,88)","(189,188,189)",PNG
anorith,Rock,Bug,120.0,120.0,RGBA,"(193,191,191)","(84,83,78)","(175,183,170)",PNG
armaldo,Rock,Bug,120.0,120.0,RGBA,"(144,134,139)","(79,76,82)","(190,205,214)",PNG
feebas,Water,,120.0,120.0,RGBA,"(223,202,167)","(117,112,107)","(194,196,195)",PNG
milotic,Water,,120.0,120.0,RGBA,"(235,220,198)","(137,111,112)","(197,197,197)",PNG
castform,Normal,,120.0,120.0,P,"(66,68,68)","(2,10,30)","(63,45,22)",PNG
kecleon,Normal,,120.0,120.0,RGBA,"(130,134,88)","(204,212,138)","(191,190,188)",PNG
shuppet,Ghost,,120.0,120.0,P,"(127,131,132)","(120,78,33)","(18,37,78)",PNG
banette,Ghost,,120.0,120.0,P,"(142,146,146)","(52,83,105)","(136,118,66)",PNG
duskull,Ghost,,120.0,120.0,P,"(122,122,120)","(67,74,87)","(88,56,20)",PNG
dusclops,Ghost,,120.0,120.0,P,"(1,1,1)","(72,77,82)","(90,67,29)",PNG
tropius,Grass,Flying,120.0,120.0,RGBA,"(83,150,92)","(199,175,148)","(176,185,179)",PNG
chimecho,Psychic,,120.0,120.0,RGBA,"(198,220,227)","(172,115,113)","(195,196,195)",PNG
absol,Dark,,120.0,120.0,P,"(205,209,213)","(18,52,114)","(199,170,99)",PNG
wynaut,Psychic,,120.0,120.0,P,"(152,163,162)","(146,92,43)","(11,32,85)",PNG
snorunt,Ice,,120.0,120.0,RGBA,"(186,143,101)","(245,235,175)","(64,63,57)",PNG
glalie,Ice,,120.0,120.0,P,"(192,196,195)","(134,122,104)","(69,93,144)",PNG
spheal,Ice,Water,120.0,120.0,RGBA,"(250,245,220)","(100,110,124)","(163,180,201)",PNG
sealeo,Ice,Water,120.0,120.0,RGBA,"(241,237,222)","(133,146,148)","(86,190,240)",PNG
walrein,Ice,Water,120.0,120.0,RGBA,"(112,172,195)","(243,240,237)","(62,112,130)",PNG
clamperl,Water,,120.0,120.0,P,"(1,1,1)","(198,203,209)","(86,86,87)",PNG
huntail,Water,,120.0,120.0,RGBA,"(172,217,231)","(172,135,108)","(192,193,194)",PNG
gorebyss,Water,,120.0,120.0,P,"(194,201,200)","(7,48,131)","(176,87,25)",PNG
relicanth,Water,Rock,120.0,120.0,P,"(119,122,121)","(104,73,17)","(7,17,61)",PNG
luvdisc,Water,,120.0,120.0,P,"(100,101,100)","(83,34,12)","(23,54,86)",PNG
bagon,Dragon,,120.0,120.0,P,"(153,132,112)","(178,184,185)","(8,27,93)",PNG
shelgon,Dragon,,120.0,120.0,P,"(135,135,136)","(81,91,98)","(104,51,11)",PNG
salamence,Dragon,Flying,120.0,120.0,RGBA,"(1,1,1)","(128,76,90)","(110,186,209)",PNG
beldum,Steel,Psychic,120.0,120.0,P,"(78,80,84)","(88,51,17)","(115,117,120)",PNG
metang,Steel,Psychic,120.0,120.0,RGBA,"(100,154,175)","(217,215,214)","(39,71,83)",PNG
metagross,Steel,Psychic,120.0,120.0,RGBA,"(115,165,183)","(54,87,100)","(143,167,175)",PNG
regirock,Rock,,120.0,120.0,RGBA,"(179,147,134)","(116,83,71)","(223,211,207)",PNG
regice,Ice,,120.0,120.0,RGBA,"(154,227,252)","(88,144,195)","(189,189,190)",PNG
registeel,Steel,,120.0,120.0,P,"(101,111,123)","(174,176,173)","(139,88,37)",PNG
latias,Dragon,Psychic,120.0,120.0,RGBA,"(163,92,99)","(204,199,217)","(196,198,198)",PNG
latios,Dragon,Psychic,120.0,120.0,RGBA,"(57,115,161)","(196,192,195)","(198,196,195)",PNG
kyogre,Water,,120.0,120.0,RGBA,"(49,119,189)","(214,224,235)","(91,46,76)",PNG
groudon,Ground,,120.0,120.0,RGBA,"(0,1,0)","(223,224,227)","(117,104,96)",PNG
rayquaza,Dragon,Flying,120.0,120.0,RGBA,"(1,1,0)","(61,84,64)","(123,173,132)",PNG
jirachi,Steel,Psychic,120.0,120.0,RGBA,"(136,151,127)","(246,238,171)","(192,193,194)",PNG
deoxys-normal,Psychic,,120.0,120.0,RGBA,"(221,137,80)","(86,149,165)","(190,190,191)",PNG
turtwig,Grass,,120.0,120.0,RGBA,"(204,216,135)","(109,135,73)","(194,193,192)",PNG
grotle,Grass,,120.0,120.0,RGBA,"(0,1,0)","(67,123,55)","(195,195,194)",PNG
torterra,Grass,Ground,120.0,120.0,RGBA,"(0,1,0)","(45,117,53)","(207,206,206)",PNG
chimchar,Fire,,120.0,120.0,RGBA,"(240,226,160)","(204,202,200)","(174,114,42)",PNG
monferno,Fire,Fighting,120.0,120.0,RGBA,"(228,144,43)","(105,101,87)","(217,203,182)",PNG
infernape,Fire,Fighting,120.0,120.0,RGBA,"(224,132,51)","(217,213,206)","(93,85,81)",PNG
piplup,Water,,120.0,120.0,RGBA,"(54,115,170)","(231,246,246)","(161,179,159)",PNG
prinplup,Water,,120.0,120.0,RGBA,"(42,80,122)","(200,161,13)","(165,196,204)",PNG
empoleon,Water,Steel,120.0,120.0,RGBA,"(1,0,1)","(34,46,51)","(239,241,234)",PNG
starly,Normal,Flying,120.0,120.0,P,"(157,158,159)","(108,88,35)","(67,80,96)",PNG
staravia,Normal,Flying,120.0,120.0,RGBA,"(76,67,55)","(188,189,188)","(204,176,153)",PNG
staraptor,Normal,Flying,120.0,120.0,RGBA,"(161,133,113)","(224,223,222)","(65,60,49)",PNG
bidoof,Normal,,120.0,120.0,P,"(143,140,140)","(2,1,1)","(183,185,189)",PNG
bibarel,Normal,Water,120.0,120.0,RGBA,"(179,135,70)","(231,223,184)","(100,80,57)",PNG
kricketot,Bug,,120.0,120.0,RGBA,"(184,129,95)","(97,63,52)","(233,231,192)",PNG
kricketune,Bug,,120.0,120.0,RGBA,"(97,74,68)","(228,116,74)","(190,190,191)",PNG
shinx,Electric,,120.0,120.0,RGBA,"(147,198,217)","(74,87,85)","(223,176,14)",PNG
luxio,Electric,,120.0,120.0,RGBA,"(145,188,203)","(60,60,59)","(213,166,15)",PNG
luxray,Electric,,120.0,120.0,RGBA,"(0,1,0)","(192,193,191)","(149,172,145)",PNG
budew,Grass,Poison,120.0,120.0,RGBA,"(94,136,53)","(192,192,191)","(207,230,114)",PNG
roserade,Grass,Poison,120.0,120.0,RGBA,"(164,154,159)","(234,238,245)","(75,105,104)",PNG
cranidos,Rock,,120.0,120.0,P,"(157,158,159)","(15,65,117)","(154,131,76)",PNG
rampardos,Rock,,120.0,120.0,RGBA,"(81,81,84)","(220,220,219)","(113,129,146)",PNG
shieldon,Rock,Steel,120.0,120.0,P,"(155,158,160)","(86,96,107)","(142,128,83)",PNG
bastiodon,Rock,Steel,120.0,120.0,P,"(146,150,145)","(190,201,203)","(107,105,106)",PNG
burmy,Bug,,120.0,120.0,P,"(121,125,105)","(11,51,102)","(150,156,156)",PNG
wormadam-plant,Bug,Grass,120.0,120.0,RGBA,"(94,143,81)","(200,200,201)","(40,89,40)",PNG
mothim,Bug,Flying,120.0,120.0,RGBA,"(236,206,111)","(166,95,39)","(200,172,136)",PNG
combee,Bug,Flying,120.0,120.0,RGBA,"(245,208,51)","(217,217,216)","(160,108,44)",PNG
vespiquen,Bug,Flying,120.0,120.0,RGBA,"(235,196,54)","(90,78,64)","(213,213,214)",PNG
pachirisu,Electric,,120.0,120.0,P,"(170,179,186)","(150,141,121)","(15,67,148)",PNG
buizel,Water,,120.0,120.0,RGBA,"(240,153,63)","(214,214,185)","(155,96,51)",PNG
floatzel,Water,,120.0,120.0,RGBA,"(169,109,55)","(224,225,185)","(247,192,47)",PNG
cherubi,Grass,,120.0,120.0,RGBA,"(231,93,116)","(38,122,46)","(187,184,186)",PNG
cherrim,Grass,,120.0,120.0,RGBA,"(113,69,115)","(45,185,58)","(184,177,180)",PNG
shellos,Water,,120.0,120.0,RGBA,"(182,122,121)","(225,191,195)","(197,200,201)",PNG
gastrodon,Water,Ground,120.0,120.0,RGBA,"(221,156,160)","(138,104,59)","(194,192,193)",PNG
ambipom,Normal,,120.0,120.0,RGBA,"(142,102,141)","(242,200,152)","(190,192,191)",PNG
drifloon,Ghost,Flying,120.0,120.0,RGBA,"(205,180,181)","(122,103,114)","(214,213,214)",PNG
drifblim,Ghost,Flying,120.0,120.0,RGBA,"(0,1,0)","(222,184,57)","(216,208,219)",PNG
buneary,Normal,,120.0,120.0,P,"(1,1,1)","(11,50,122)","(191,199,201)",PNG
lopunny,Normal,,120.0,120.0,RGBA,"(161,115,80)","(244,227,166)","(190,190,190)",PNG
mismagius,Ghost,,120.0,120.0,RGBA,"(87,57,93)","(189,185,187)","(152,104,157)",PNG
honchkrow,Dark,Flying,120.0,120.0,RGBA,"(50,74,101)","(235,232,226)","(158,167,173)",PNG
glameow,Normal,,120.0,120.0,RGBA,"(183,184,194)","(101,104,114)","(186,186,186)",PNG
purugly,Normal,,120.0,120.0,RGBA,"(166,161,177)","(95,93,104)","(245,245,244)",PNG
chingling,Psychic,,120.0,120.0,RGBA,"(244,230,67)","(201,201,202)","(145,86,66)",PNG
stunky,Poison,Dark,120.0,120.0,RGBA,"(192,191,191)","(242,239,218)","(86,63,93)",PNG
skuntank,Poison,Dark,120.0,120.0,RGBA,"(93,69,100)","(238,229,203)","(195,195,193)",PNG
bronzor,Steel,Psychic,120.0,120.0,P,"(125,127,127)","(111,71,41)","(8,27,83)",PNG
bronzong,Steel,Psychic,120.0,120.0,RGBA,"(79,125,127)","(185,186,185)","(136,202,199)",PNG
bonsly,Rock,,120.0,120.0,RGBA,"(83,125,85)","(193,153,88)","(189,188,191)",PNG
mime-jr,Psychic,Fairy,120.0,120.0,P,"(199,209,204)","(130,111,95)","(10,52,108)",PNG
happiny,Normal,,120.0,120.0,P,"(102,98,87)","(132,137,139)","(4,22,76)",PNG
chatot,Normal,Flying,120.0,120.0,RGBA,"(56,92,94)","(208,163,89)","(226,226,227)",PNG
spiritomb,Ghost,Dark,120.0,120.0,RGBA,"(207,134,171)","(90,146,62)","(206,191,200)",PNG
gible,Dragon,Ground,120.0,120.0,RGBA,"(0,1,1)","(104,150,165)","(114,69,58)",PNG
gabite,Dragon,Ground,120.0,120.0,RGBA,"(100,109,152)","(189,80,41)","(198,198,202)",PNG
garchomp,Dragon,Ground,120.0,120.0,RGBA,"(84,90,123)","(207,207,205)","(218,121,59)",PNG
munchlax,Normal,,120.0,120.0,P,"(140,144,152)","(156,130,74)","(212,226,231)",PNG
riolu,Fighting,,120.0,120.0,P,"(179,185,184)","(155,95,42)","(15,53,119)",PNG
lucario,Fighting,Steel,120.0,120.0,RGBA,"(144,183,194)","(79,82,83)","(193,193,192)",PNG
hippopotas,Ground,,120.0,120.0,P,"(194,149,118)","(225,231,232)","(97,114,144)",PNG
hippowdon,Ground,,120.0,120.0,P,"(1,1,1)","(218,223,222)","(115,114,112)",PNG
skorupi,Poison,Bug,120.0,120.0,RGBA,"(190,199,227)","(91,98,131)","(190,189,190)",PNG
drapion,Poison,Dark,120.0,120.0,RGBA,"(1,1,1)","(123,70,115)","(199,193,198)",PNG
croagunk,Poison,Fighting,120.0,120.0,RGBA,"(1,0,1)","(71,74,80)","(210,195,172)",PNG
toxicroak,Poison,Fighting,120.0,120.0,RGBA,"(102,142,191)","(150,87,80)","(195,195,194)",PNG
carnivine,Grass,,120.0,120.0,RGBA,"(218,239,148)","(140,143,76)","(192,193,191)",PNG
finneon,Water,,120.0,120.0,RGBA,"(183,182,192)","(60,75,83)","(197,200,200)",PNG
lumineon,Water,,120.0,120.0,RGBA,"(0,1,1)","(172,222,221)","(174,181,183)",PNG
mantyke,Water,Flying,120.0,120.0,RGBA,"(36,102,162)","(163,197,213)","(199,197,194)",PNG
snover,Grass,Ice,120.0,120.0,P,"(221,227,229)","(179,172,155)","(9,44,117)",PNG
abomasnow,Grass,Ice,120.0,120.0,RGBA,"(245,247,249)","(110,148,142)","(182,188,187)",PNG
weavile,Dark,Ice,120.0,120.0,RGBA,"(196,45,72)","(69,101,123)","(206,205,201)",PNG
magnezone,Electric,Steel,120.0,120.0,RGBA,"(153,157,155)","(224,233,238)","(82,76,70)",PNG
lickilicky,Normal,,120.0,120.0,RGBA,"(251,173,176)","(189,190,189)","(181,109,110)",PNG
rhyperior,Ground,Rock,120.0,120.0,RGBA,"(1,0,0)","(225,107,16)","(181,161,167)",PNG
tangrowth,Grass,,120.0,120.0,RGBA,"(75,88,102)","(127,172,212)","(208,178,163)",PNG
electivire,Electric,,120.0,120.0,RGBA,"(246,231,145)","(45,46,44)","(160,143,95)",PNG
magmortar,Fire,,120.0,120.0,RGBA,"(1,1,0)","(130,72,41)","(193,192,192)",PNG
togekiss,Fairy,Flying,120.0,120.0,P,"(164,165,166)","(29,81,132)","(133,109,73)",PNG
yanmega,Bug,Flying,120.0,120.0,RGBA,"(205,199,198)","(61,64,47)","(152,135,98)",PNG
leafeon,Grass,,120.0,120.0,RGBA,"(206,222,170)","(127,133,88)","(191,190,188)",PNG
glaceon,Ice,,120.0,120.0,RGBA,"(199,230,230)","(57,128,139)","(179,183,183)",PNG
gliscor,Ground,Flying,120.0,120.0,RGBA,"(174,179,217)","(94,83,87)","(187,188,188)",PNG
mamoswine,Ice,Ground,120.0,120.0,RGBA,"(231,220,206)","(136,102,55)","(190,190,191)",PNG
porygon-z,Normal,,120.0,120.0,RGBA,"(69,151,185)","(209,98,102)","(189,187,186)",PNG
gallade,Psychic,Fighting,120.0,120.0,RGBA,"(226,231,233)","(61,133,90)","(194,192,193)",PNG
probopass,Rock,Steel,120.0,120.0,RGBA,"(139,173,210)","(225,116,104)","(56,55,60)",PNG
dusknoir,Ghost,,120.0,120.0,RGBA,"(1,0,1)","(206,206,182)","(131,125,106)",PNG
froslass,Ice,Ghost,120.0,120.0,RGBA,"(0,0,0)","(131,109,115)","(191,191,190)",PNG
rotom,Electric,Ghost,120.0,120.0,P,"(31,73,127)","(138,91,53)","(170,187,182)",PNG
uxie,Psychic,,120.0,120.0,RGBA,"(222,223,178)","(191,191,193)","(133,123,106)",PNG
mesprit,Psychic,,120.0,120.0,RGBA,"(222,181,209)","(136,115,128)","(191,192,192)",PNG
azelf,Psychic,,120.0,120.0,RGBA,"(154,205,226)","(194,194,195)","(107,120,127)",PNG
dialga,Steel,Dragon,120.0,120.0,RGBA,"(205,220,227)","(59,86,123)","(181,184,186)",PNG
palkia,Water,Dragon,120.0,120.0,RGBA,"(185,174,185)","(111,86,111)","(248,245,248)",PNG
heatran,Fire,Steel,120.0,120.0,RGBA,"(161,149,137)","(106,56,40)","(223,221,220)",PNG
regigigas,Normal,,120.0,120.0,RGBA,"(220,204,117)","(61,100,72)","(241,242,242)",PNG
giratina-altered,Ghost,Dragon,120.0,120.0,RGBA,"(229,224,192)","(70,63,58)","(174,140,108)",PNG
cresselia,Psychic,,120.0,120.0,RGBA,"(240,203,206)","(158,129,116)","(236,222,231)",PNG
phione,Water,,120.0,120.0,RGBA,"(116,212,237)","(77,129,150)","(192,191,189)",PNG
manaphy,Water,,120.0,120.0,RGBA,"(106,138,131)","(122,218,239)","(196,195,194)",PNG
darkrai,Dark,,120.0,120.0,P,"(2,1,1)","(149,109,53)","(17,52,120)",PNG
shaymin-land,Grass,,120.0,120.0,RGBA,"(236,212,212)","(68,116,57)","(186,201,119)",PNG
arceus,Normal,,120.0,120.0,RGBA,"(0,0,0)","(237,237,235)","(141,138,102)",PNG
victini,Psychic,Fire,120.0,120.0,RGBA,"(175,123,82)","(193,194,196)","(233,225,172)",PNG
snivy,Grass,,120.0,120.0,RGBA,"(195,193,193)","(96,153,73)","(232,227,166)",PNG
servine,Grass,,120.0,120.0,RGBA,"(100,156,74)","(229,223,157)","(191,192,189)",PNG
serperior,Grass,,120.0,120.0,RGBA,"(22,115,59)","(172,196,147)","(211,210,211)",PNG
tepig,Fire,,120.0,120.0,RGBA,"(233,131,61)","(76,55,46)","(191,189,189)",PNG
pignite,Fire,Fighting,120.0,120.0,RGBA,"(1,1,1)","(239,150,61)","(91,65,54)",PNG
emboar,Fire,Fighting,120.0,120.0,RGBA,"(1,1,1)","(233,165,59)","(207,205,205)",PNG
oshawott,Water,,120.0,120.0,RGBA,"(231,239,238)","(95,123,130)","(183,185,187)",PNG
dewott,Water,,120.0,120.0,RGBA,"(0,1,1)","(66,95,121)","(193,193,192)",PNG
samurott,Water,,120.0,120.0,RGBA,"(214,209,183)","(64,98,141)","(200,199,198)",PNG
patrat,Normal,,120.0,120.0,RGBA,"(231,207,176)","(142,103,64)","(188,189,188)",PNG
watchog,Normal,,120.0,120.0,RGBA,"(216,208,199)","(130,60,46)","(245,198,31)",PNG
lillipup,Normal,,120.0,120.0,RGBA,"(1,0,1)","(155,113,83)","(187,186,183)",PNG
herdier,Normal,,120.0,120.0,RGBA,"(1,1,1)","(85,78,87)","(188,186,185)",PNG
stoutland,Normal,,120.0,120.0,RGBA,"(191,174,148)","(253,247,209)","(81,79,86)",PNG
purrloin,Dark,,120.0,120.0,RGBA,"(226,200,182)","(106,79,117)","(191,192,191)",PNG
liepard,Dark,,120.0,120.0,RGBA,"(1,1,1)","(228,191,87)","(193,193,190)",PNG
pansage,Grass,,120.0,120.0,RGBA,"(66,164,100)","(186,186,187)","(208,212,150)",PNG
simisage,Grass,,120.0,120.0,RGBA,"(71,157,99)","(218,218,160)","(205,204,203)",PNG
pansear,Fire,,120.0,120.0,RGBA,"(208,111,87)","(187,185,184)","(245,220,130)",PNG
simisear,Fire,,120.0,120.0,RGBA,"(202,115,85)","(246,235,173)","(188,189,189)",PNG
panpour,Water,,120.0,120.0,RGBA,"(0,0,0)","(78,181,211)","(217,199,130)",PNG
simipour,Water,,120.0,120.0,RGBA,"(78,200,236)","(232,220,158)","(96,127,122)",PNG
munna,Psychic,,120.0,120.0,P,"(164,166,169)","(153,103,39)","(22,73,133)",PNG
musharna,Psychic,,120.0,120.0,RGBA,"(253,198,210)","(159,135,171)","(194,198,197)",PNG
pidove,Normal,Flying,120.0,120.0,P,"(178,187,188)","(71,75,106)","(153,137,83)",PNG
tranquill,Normal,Flying,120.0,120.0,RGBA,"(1,1,1)","(60,51,55)","(245,246,247)",PNG
unfezant,Normal,Flying,120.0,120.0,RGBA,"(0,0,1)","(169,152,154)","(196,196,196)",PNG
blitzle,Electric,,120.0,120.0,P,"(1,1,1)","(2,26,99)","(130,78,19)",PNG
zebstrika,Electric,,120.0,120.0,P,"(150,153,154)","(144,92,39)","(15,64,116)",PNG
roggenrola,Rock,,120.0,120.0,P,"(1,31,67)","(116,110,104)","(158,174,179)",PNG
boldore,Rock,,120.0,120.0,RGBA,"(40,49,77)","(185,186,187)","(184,89,49)",PNG
gigalith,Rock,,120.0,120.0,RGBA,"(205,87,68)","(62,61,86)","(179,174,174)",PNG
woobat,Psychic,Flying,120.0,120.0,RGBA,"(0,0,1)","(145,173,202)","(213,213,212)",PNG
swoobat,Psychic,Flying,120.0,120.0,RGBA,"(145,173,202)","(52,57,64)","(213,213,212)",PNG
drilbur,Ground,,120.0,120.0,P,"(125,125,119)","(179,183,182)","(13,44,105)",PNG
excadrill,Ground,Steel,120.0,120.0,P,"(118,122,127)","(188,196,197)","(128,60,21)",PNG
audino,Normal,,120.0,120.0,RGBA,"(0,0,1)","(191,192,191)","(166,133,132)",PNG
timburr,Fighting,,120.0,120.0,RGBA,"(219,194,168)","(136,102,82)","(189,189,188)",PNG
gurdurr,Fighting,,120.0,120.0,RGBA,"(96,37,46)","(227,201,195)","(164,128,134)",PNG
conkeldurr,Fighting,,120.0,120.0,RGBA,"(178,166,164)","(116,92,85)","(188,189,189)",PNG
tympole,Water,,120.0,120.0,P,"(153,157,150)","(74,93,115)","(113,89,49)",PNG
palpitoad,Water,Ground,120.0,120.0,RGBA,"(202,225,203)","(82,81,80)","(68,141,195)",PNG
seismitoad,Water,Ground,120.0,120.0,RGBA,"(84,84,84)","(153,211,214)","(66,142,200)",PNG
throh,Fighting,,120.0,120.0,RGBA,"(1,0,0)","(179,139,130)","(84,61,59)",PNG
sawk,Fighting,,120.0,120.0,RGBA,"(184,218,218)","(41,46,56)","(92,135,162)",PNG
sewaddle,Bug,Grass,120.0,120.0,RGBA,"(244,220,92)","(121,141,43)","(218,216,215)",PNG
swadloon,Bug,Grass,120.0,120.0,RGBA,"(90,132,40)","(183,186,179)","(178,219,59)",PNG
leavanny,Bug,Grass,120.0,120.0,RGBA,"(184,200,68)","(79,125,43)","(192,192,186)",PNG
venipede,Bug,Poison,120.0,120.0,RGBA,"(239,106,139)","(97,63,66)","(193,193,193)",PNG
whirlipede,Bug,Poison,120.0,120.0,RGBA,"(191,169,196)","(102,90,94)","(195,195,195)",PNG
scolipede,Bug,Poison,120.0,120.0,RGBA,"(170,76,102)","(78,61,63)","(207,207,206)",PNG
cottonee,Grass,Fairy,120.0,120.0,RGBA,"(223,241,214)","(190,190,190)","(126,185,121)",PNG
whimsicott,Grass,Fairy,120.0,120.0,P,"(222,225,225)","(209,141,65)","(125,137,154)",PNG
petilil,Grass,,120.0,120.0,RGBA,"(230,241,160)","(101,145,81)","(193,193,194)",PNG
lilligant,Grass,,120.0,120.0,RGBA,"(121,133,70)","(213,219,138)","(191,191,191)",PNG
basculin-red-striped,Water,,120.0,120.0,RGBA,"(230,233,229)","(103,149,103)","(194,194,193)",PNG
sandile,Ground,Dark,120.0,120.0,P,"(179,152,69)","(75,93,126)","(183,189,186)",PNG
krokorok,Ground,Dark,120.0,120.0,RGBA,"(0,0,1)","(77,67,59)","(189,189,190)",PNG
krookodile,Ground,Dark,120.0,120.0,RGBA,"(176,111,121)","(201,206,218)","(71,50,51)",PNG
darumaka,Fire,,120.0,120.0,RGBA,"(223,115,92)","(218,214,174)","(148,67,55)",PNG
darmanitan-standard,Fire,,120.0,120.0,RGBA,"(1,0,1)","(169,71,55)","(210,211,211)",PNG
maractus,Grass,,120.0,120.0,RGBA,"(65,101,81)","(207,207,208)","(158,194,116)",PNG
dwebble,Bug,Rock,120.0,120.0,P,"(172,178,176)","(122,121,117)","(12,49,117)",PNG
crustle,Bug,Rock,120.0,120.0,RGBA,"(158,130,95)","(80,63,48)","(189,190,190)",PNG
scraggy,Dark,Fighting,120.0,120.0,RGBA,"(248,233,153)","(183,135,83)","(190,189,191)",PNG
scrafty,Dark,Fighting,120.0,120.0,RGBA,"(239,174,109)","(148,104,74)","(189,191,190)",PNG
sigilyph,Psychic,Flying,120.0,120.0,RGBA,"(66,74,67)","(167,190,202)","(216,157,79)",PNG
yamask,Ghost,,120.0,120.0,P,"(82,92,103)","(99,44,13)","(146,150,155)",PNG
cofagrigus,Ghost,,120.0,120.0,RGBA,"(68,73,73)","(198,199,201)","(189,165,88)",PNG
tirtouga,Water,Rock,120.0,120.0,P,"(1,1,1)","(129,91,45)","(123,125,128)",PNG
carracosta,Water,Rock,120.0,120.0,RGBA,"(116,164,206)","(70,86,108)","(193,192,192)",PNG
archen,Rock,Flying,120.0,120.0,RGBA,"(1,1,1)","(213,135,104)","(196,198,200)",PNG
archeops,Rock,Flying,120.0,120.0,RGBA,"(1,1,1)","(43,116,134)","(187,189,189)",PNG
trubbish,Poison,,120.0,120.0,P,"(151,154,152)","(101,115,119)","(111,55,22)",PNG
garbodor,Poison,,120.0,120.0,RGBA,"(111,122,102)","(191,191,191)","(206,185,161)",PNG
zorua,Dark,,120.0,120.0,RGBA,"(73,46,64)","(196,198,198)","(115,102,129)",PNG
zoroark,Dark,,120.0,120.0,RGBA,"(1,0,1)","(73,58,71)","(191,51,67)",PNG
minccino,Normal,,120.0,120.0,P,"(145,148,150)","(138,120,77)","(12,41,107)",PNG
cinccino,Normal,,120.0,120.0,P,"(152,153,152)","(144,87,30)","(41,75,122)",PNG
gothita,Psychic,,120.0,120.0,P,"(172,182,184)","(11,38,106)","(120,92,62)",PNG
gothorita,Psychic,,120.0,120.0,P,"(114,111,100)","(189,201,191)","(26,65,142)",PNG
gothitelle,Psychic,,120.0,120.0,P,"(188,211,204)","(120,119,115)","(11,31,72)",PNG
solosis,Psychic,,120.0,120.0,RGBA,"(177,219,187)","(137,167,132)","(210,237,185)",PNG
duosion,Psychic,,120.0,120.0,RGBA,"(212,240,192)","(175,224,183)","(136,169,132)",PNG
reuniclus,Psychic,,120.0,120.0,RGBA,"(1,1,1)","(214,232,185)","(140,153,122)",PNG
ducklett,Water,Flying,120.0,120.0,RGBA,"(123,153,140)","(197,235,233)","(189,188,184)",PNG
swanna,Water,Flying,120.0,120.0,RGBA,"(1,1,1)","(214,227,237)","(194,196,198)",PNG
vanillite,Ice,,120.0,120.0,RGBA,"(245,245,248)","(126,148,175)","(185,186,188)",PNG
vanillish,Ice,,120.0,120.0,RGBA,"(1,1,0)","(238,238,245)","(195,193,194)",PNG
vanilluxe,Ice,,120.0,120.0,RGBA,"(233,235,245)","(113,150,184)","(189,191,192)",PNG
deerling,Normal,Grass,120.0,120.0,RGBA,"(163,135,81)","(189,187,190)","(240,199,190)",PNG
sawsbuck,Normal,Grass,120.0,120.0,RGBA,"(109,71,45)","(187,184,183)","(230,204,127)",PNG
emolga,Electric,Flying,120.0,120.0,RGBA,"(241,238,238)","(184,172,136)","(64,62,61)",PNG
karrablast,Bug,,120.0,120.0,RGBA,"(77,84,79)","(37,140,209)","(211,182,90)",PNG
escavalier,Bug,Steel,120.0,120.0,RGBA,"(179,99,98)","(187,187,187)","(220,210,194)",PNG
foongus,Grass,Poison,120.0,120.0,P,"(156,160,158)","(102,92,76)","(5,26,96)",PNG
amoonguss,Grass,Poison,120.0,120.0,RGBA,"(193,142,148)","(82,65,53)","(220,228,209)",PNG
frillish,Water,Ghost,120.0,120.0,RGBA,"(177,229,237)","(115,147,160)","(199,198,199)",PNG
jellicent,Water,Ghost,120.0,120.0,RGBA,"(195,228,246)","(106,156,182)","(196,193,193)",PNG
alomomola,Water,,120.0,120.0,P,"(171,174,175)","(157,99,27)","(15,45,96)",PNG
joltik,Bug,Electric,120.0,120.0,RGBA,"(242,229,99)","(111,113,100)","(191,190,192)",PNG
galvantula,Bug,Electric,120.0,120.0,RGBA,"(126,115,100)","(243,230,131)","(194,194,196)",PNG
ferroseed,Grass,Steel,120.0,120.0,RGBA,"(47,67,40)","(127,157,125)","(226,227,229)",PNG
ferrothorn,Grass,Steel,120.0,120.0,RGBA,"(230,235,233)","(60,87,58)","(132,181,140)",PNG
klink,Steel,,120.0,120.0,P,"(190,196,193)","(21,71,141)","(155,125,95)",PNG
klang,Steel,,120.0,120.0,P,"(220,223,219)","(176,153,123)","(76,141,200)",PNG
klinklang,Steel,,120.0,120.0,RGBA,"(236,238,242)","(64,77,75)","(148,162,164)",PNG
tynamo,Electric,,120.0,120.0,P,"(105,105,104)","(45,63,76)","(99,72,42)",PNG
eelektrik,Electric,,120.0,120.0,RGBA,"(82,87,101)","(222,189,143)","(187,190,193)",PNG
eelektross,Electric,,120.0,120.0,RGBA,"(0,1,0)","(63,76,94)","(200,172,137)",PNG
elgyem,Psychic,,120.0,120.0,P,"(168,172,171)","(40,58,94)","(173,124,46)",PNG
beheeyem,Psychic,,120.0,120.0,RGBA,"(219,175,158)","(109,92,78)","(189,190,190)",PNG
litwick,Ghost,Fire,120.0,120.0,RGBA,"(241,243,245)","(138,146,184)","(187,188,190)",PNG
lampent,Ghost,Fire,120.0,120.0,P,"(1,1,1)","(124,88,29)","(194,201,199)",PNG
chandelure,Ghost,Fire,120.0,120.0,RGBA,"(1,1,1)","(151,164,216)","(186,185,188)",PNG
axew,Dragon,,120.0,120.0,P,"(152,168,172)","(113,120,115)","(8,34,73)",PNG
fraxure,Dragon,,120.0,120.0,RGBA,"(127,142,112)","(214,212,212)","(82,82,74)",PNG
haxorus,Dragon,,120.0,120.0,RGBA,"(1,1,1)","(169,148,40)","(193,192,194)",PNG
cubchoo,Ice,,120.0,120.0,P,"(171,175,176)","(35,79,152)","(162,118,59)",PNG
beartic,Ice,,120.0,120.0,P,"(218,220,221)","(41,83,142)","(210,164,88)",PNG
cryogonal,Ice,,120.0,120.0,RGBA,"(185,218,237)","(42,53,71)","(95,127,165)",PNG
shelmet,Bug,,120.0,120.0,P,"(179,148,88)","(172,177,174)","(65,80,107)",PNG
accelgor,Bug,,120.0,120.0,RGBA,"(241,113,138)","(148,171,182)","(84,81,93)",PNG
stunfisk,Ground,Electric,120.0,120.0,RGBA,"(237,188,123)","(113,91,71)","(193,193,194)",PNG
mienfoo,Fighting,,120.0,120.0,RGBA,"(245,240,148)","(186,103,108)","(187,185,186)",PNG
mienshao,Fighting,,120.0,120.0,RGBA,"(1,0,1)","(142,125,139)","(187,187,186)",PNG
druddigon,Dragon,,120.0,120.0,RGBA,"(5,104,143)","(174,75,78)","(214,205,186)",PNG
golett,Ground,Ghost,120.0,120.0,RGBA,"(72,99,94)","(210,191,141)","(102,181,192)",PNG
golurk,Ground,Ghost,120.0,120.0,RGBA,"(1,1,1)","(74,113,110)","(203,174,124)",PNG
pawniard,Dark,Steel,120.0,120.0,RGBA,"(105,77,74)","(220,221,221)","(185,185,185)",PNG
bisharp,Dark,Steel,120.0,120.0,RGBA,"(165,113,101)","(214,213,211)","(96,46,45)",PNG
bouffalant,Normal,,120.0,120.0,RGBA,"(105,87,66)","(225,217,174)","(199,199,199)",PNG
rufflet,Normal,Flying,120.0,120.0,RGBA,"(242,241,226)","(127,114,121)","(189,189,189)",PNG
braviary,Normal,Flying,120.0,120.0,RGBA,"(80,65,76)","(181,182,183)","(222,214,181)",PNG
vullaby,Dark,Flying,120.0,120.0,P,"(128,126,121)","(191,199,197)","(8,42,110)",PNG
mandibuzz,Dark,Flying,120.0,120.0,RGBA,"(0,1,0)","(206,177,156)","(192,193,193)",PNG
heatmor,Fire,,120.0,120.0,RGBA,"(123,78,59)","(202,136,95)","(193,194,194)",PNG
durant,Bug,Steel,120.0,120.0,P,"(148,148,148)","(112,68,29)","(52,70,102)",PNG
deino,Dark,Dragon,120.0,120.0,P,"(139,144,143)","(10,42,84)","(135,125,70)",PNG
zweilous,Dark,Dragon,120.0,120.0,RGBA,"(113,143,185)","(89,83,83)","(192,192,192)",PNG
hydreigon,Dark,Dragon,120.0,120.0,RGBA,"(86,69,76)","(192,193,193)","(135,122,161)",PNG
larvesta,Bug,Fire,120.0,120.0,RGBA,"(243,239,238)","(141,90,77)","(191,192,191)",PNG
volcarona,Bug,Fire,120.0,120.0,RGBA,"(215,130,104)","(234,240,240)","(96,75,71)",PNG
cobalion,Steel,Fighting,120.0,120.0,RGBA,"(32,158,179)","(212,206,192)","(56,75,75)",PNG
terrakion,Rock,Fighting,120.0,120.0,RGBA,"(205,198,194)","(157,133,114)","(67,58,50)",PNG
virizion,Grass,Fighting,120.0,120.0,RGBA,"(185,210,120)","(113,129,71)","(189,189,187)",PNG
tornadus-incarnate,Flying,,120.0,120.0,RGBA,"(95,112,86)","(232,230,228)","(163,130,172)",PNG
thundurus-incarnate,Electric,Flying,120.0,120.0,RGBA,"(160,173,182)","(224,234,242)","(83,87,95)",PNG
reshiram,Dragon,Fire,120.0,120.0,RGBA,"(231,230,241)","(140,145,160)","(192,192,197)",PNG
zekrom,Dragon,Electric,120.0,120.0,RGBA,"(84,101,103)","(192,193,192)","(45,54,53)",PNG
landorus-incarnate,Ground,Flying,120.0,120.0,RGBA,"(1,1,1)","(155,112,89)","(191,192,192)",PNG
kyurem,Dragon,Ice,120.0,120.0,RGBA,"(0,1,1)","(204,236,240)","(195,195,196)",PNG
keldeo-ordinary,Water,Fighting,120.0,120.0,RGBA,"(202,219,200)","(67,115,144)","(212,118,83)",PNG
meloetta-aria,Normal,Psychic,120.0,120.0,P,"(189,200,206)","(173,161,99)","(21,35,97)",PNG
genesect,Bug,Steel,120.0,120.0,RGBA,"(217,181,220)","(115,91,112)","(192,193,192)",PNG
chespin,Grass,,120.0,120.0,RGBA,"(198,194,121)","(110,105,54)","(192,192,191)",PNG
quilladin,Grass,,120.0,120.0,RGBA,"(159,193,73)","(97,78,46)","(220,193,176)",PNG
chesnaught,Grass,Fighting,120.0,120.0,RGBA,"(165,172,138)","(106,91,67)","(243,237,218)",PNG
fennekin,Fire,,120.0,120.0,RGBA,"(244,230,148)","(190,188,187)","(195,112,64)",PNG
braixen,Fire,,120.0,120.0,RGBA,"(1,1,0)","(156,98,63)","(189,188,188)",PNG
delphox,Fire,Psychic,120.0,120.0,RGBA,"(156,78,63)","(206,206,206)","(237,143,82)",PNG
froakie,Water,,120.0,120.0,RGBA,"(1,0,1)","(223,219,193)","(116,212,235)",PNG
frogadier,Water,,120.0,120.0,RGBA,"(50,111,137)","(101,192,213)","(222,220,211)",PNG
greninja,Water,Dark,120.0,120.0,RGBA,"(234,204,193)","(45,97,148)","(181,186,189)",PNG
bunnelby,Normal,,120.0,120.0,P,"(147,153,154)","(8,35,85)","(151,129,76)",PNG
diggersby,Normal,Ground,120.0,120.0,RGBA,"(192,193,193)","(129,105,70)","(209,198,173)",PNG
fletchling,Normal,Flying,120.0,120.0,RGBA,"(191,202,216)","(40,45,49)","(228,119,71)",PNG
fletchinder,Fire,Flying,120.0,120.0,RGBA,"(45,42,44)","(186,142,113)","(197,197,197)",PNG
talonflame,Fire,Flying,120.0,120.0,RGBA,"(93,59,48)","(172,153,144)","(188,191,191)",PNG
scatterbug,Bug,,120.0,120.0,P,"(108,119,119)","(4,28,81)","(113,74,24)",PNG
spewpa,Bug,,120.0,120.0,P,"(149,135,71)","(61,84,114)","(175,180,180)",PNG
vivillon,Bug,Flying,120.0,120.0,RGBA,"(1,0,0)","(196,107,147)","(61,50,55)",PNG
litleo,Fire,Normal,120.0,120.0,P,"(1,1,1)","(119,131,149)","(202,214,209)",PNG
pyroar,Fire,Normal,120.0,120.0,RGBA,"(1,1,1)","(180,82,70)","(233,182,108)",PNG
flabebe,Fairy,,120.0,120.0,RGBA,"(231,232,205)","(188,187,187)","(152,114,89)",PNG
floette,Fairy,,120.0,120.0,RGBA,"(119,112,92)","(196,197,198)","(221,228,203)",PNG
florges,Fairy,,120.0,120.0,RGBA,"(211,204,204)","(72,142,121)","(205,100,116)",PNG
skiddo,Grass,,120.0,120.0,RGBA,"(159,143,127)","(62,102,85)","(234,231,229)",PNG
gogoat,Grass,,120.0,120.0,RGBA,"(78,112,95)","(217,199,175)","(196,193,193)",PNG
pancham,Fighting,,120.0,120.0,P,"(167,174,175)","(102,108,113)","(123,70,22)",PNG
pangoro,Fighting,Dark,120.0,120.0,P,"(180,181,182)","(8,48,112)","(145,143,136)",PNG
furfrou,Normal,,120.0,120.0,P,"(179,186,186)","(17,67,126)","(181,103,37)",PNG
espurr,Psychic,,120.0,120.0,P,"(12,39,82)","(136,100,48)","(137,143,144)",PNG
meowstic-male,Psychic,,120.0,120.0,RGBA,"(52,105,133)","(223,224,228)","(185,185,186)",PNG
honedge,Steel,Ghost,120.0,120.0,RGBA,"(76,106,113)","(179,197,184)","(194,194,195)",PNG
doublade,Steel,Ghost,120.0,120.0,RGBA,"(210,179,180)","(207,208,209)","(119,96,95)",PNG
aegislash-blade,Steel,Ghost,120.0,120.0,RGBA,"(206,192,155)","(98,88,77)","(194,193,193)",PNG
spritzee,Fairy,,120.0,120.0,RGBA,"(235,190,206)","(122,86,94)","(193,192,193)",PNG
aromatisse,Fairy,,120.0,120.0,RGBA,"(1,0,1)","(137,83,106)","(187,187,187)",PNG
swirlix,Fairy,,120.0,120.0,P,"(131,132,129)","(33,71,110)","(122,102,59)",PNG
slurpuff,Fairy,,120.0,120.0,P,"(198,200,197)","(105,130,157)","(176,142,80)",PNG
inkay,Dark,Psychic,120.0,120.0,RGBA,"(240,220,228)","(194,193,193)","(120,137,157)",PNG
malamar,Dark,Psychic,120.0,120.0,RGBA,"(126,137,163)","(195,195,195)","(200,215,224)",PNG
binacle,Rock,Water,120.0,120.0,RGBA,"(1,1,1)","(122,150,166)","(232,228,213)",PNG
barbaracle,Rock,Water,120.0,120.0,RGBA,"(1,1,1)","(89,81,48)","(234,234,234)",PNG
skrelp,Poison,Water,120.0,120.0,RGBA,"(129,90,84)","(179,150,176)","(213,216,216)",PNG
dragalge,Poison,Dragon,120.0,120.0,RGBA,"(130,93,84)","(222,143,160)","(190,187,186)",PNG
clauncher,Water,,120.0,120.0,RGBA,"(109,119,107)","(143,227,240)","(194,193,192)",PNG
clawitzer,Water,,120.0,120.0,RGBA,"(75,149,219)","(212,203,161)","(80,91,100)",PNG
helioptile,Electric,Normal,120.0,120.0,RGBA,"(190,190,188)","(105,108,103)","(238,228,120)",PNG
heliolisk,Electric,Normal,120.0,120.0,RGBA,"(232,204,102)","(189,189,189)","(106,96,89)",PNG
tyrunt,Rock,Dragon,120.0,120.0,P,"(170,174,175)","(12,50,123)","(169,147,78)",PNG
tyrantrum,Rock,Dragon,120.0,120.0,RGBA,"(93,58,59)","(227,219,206)","(163,116,112)",PNG
amaura,Rock,Ice,120.0,120.0,RGBA,"(183,223,235)","(114,144,158)","(188,188,189)",PNG
aurorus,Rock,Ice,120.0,120.0,RGBA,"(1,1,1)","(228,237,220)","(193,192,182)",PNG
sylveon,Fairy,,120.0,120.0,RGBA,"(245,216,225)","(155,138,154)","(190,187,187)",PNG
hawlucha,Fighting,Flying,120.0,120.0,RGBA,"(80,181,147)","(171,76,66)","(227,223,221)",PNG
dedenne,Electric,Fairy,120.0,120.0,RGBA,"(0,1,0)","(71,63,46)","(190,190,189)",PNG
carbink,Rock,Fairy,120.0,120.0,P,"(189,197,194)","(12,57,141)","(132,129,116)",PNG
goomy,Dragon,,120.0,120.0,P,"(157,163,162)","(6,18,58)","(126,77,53)",PNG
sliggoo,Dragon,,120.0,120.0,P,"(195,199,202)","(15,54,137)","(188,145,96)",PNG
goodra,Dragon,,120.0,120.0,RGBA,"(148,138,158)","(225,206,237)","(194,195,194)",PNG
klefki,Steel,Fairy,120.0,120.0,RGBA,"(1,1,1)","(200,196,187)","(107,98,89)",PNG
phantump,Ghost,Grass,120.0,120.0,RGBA,"(154,132,104)","(193,194,193)","(64,71,69)",PNG
trevenant,Ghost,Grass,120.0,120.0,RGBA,"(1,1,1)","(75,85,68)","(189,186,185)",PNG
pumpkaboo-average,Ghost,Grass,120.0,120.0,P,"(107,106,103)","(157,157,160)","(9,31,78)",PNG
gourgeist-average,Ghost,Grass,120.0,120.0,RGBA,"(100,77,61)","(241,183,139)","(192,190,191)",PNG
bergmite,Ice,,120.0,120.0,P,"(192,198,196)","(179,136,78)","(26,47,135)",PNG
avalugg,Ice,,120.0,120.0,RGBA,"(103,135,164)","(157,212,239)","(187,186,189)",PNG
noibat,Flying,Dragon,120.0,120.0,RGBA,"(117,88,109)","(211,176,213)","(198,197,198)",PNG
noivern,Flying,Dragon,120.0,120.0,RGBA,"(111,157,164)","(71,59,63)","(186,187,193)",PNG
xerneas,Fairy,,120.0,120.0,RGBA,"(207,190,148)","(89,92,111)","(210,209,209)",PNG
yveltal,Dark,Flying,120.0,120.0,RGBA,"(154,81,95)","(55,43,46)","(204,200,201)",PNG
zygarde-50,Dragon,Ground,120.0,120.0,RGBA,"(159,198,87)","(198,198,198)","(65,61,50)",PNG
diancie,Rock,Fairy,120.0,120.0,RGBA,"(114,102,122)","(239,197,222)","(191,192,192)",PNG
hoopa-confined,Psychic,Ghost,120.0,120.0,RGBA,"(165,133,88)","(226,177,203)","(193,194,196)",PNG
volcanion,Fire,Water,120.0,120.0,RGBA,"(1,1,1)","(214,106,91)","(139,194,199)",PNG
rowlet,Grass,Flying,120.0,120.0,RGB,"(154,131,109)","(213,189,166)","(82,154,128)",PNG
dartrix,Grass,Flying,120.0,120.0,RGB,"(255,255,255)","(176,166,143)","(126,110,83)",PNG
decidueye,Grass,Ghost,120.0,120.0,RGB,"(254,254,254)","(66,156,109)","(164,144,122)",PNG
litten,Fire,,120.0,120.0,RGB,"(84,76,78)","(207,99,81)","(189,187,161)",PNG
torracat,Fire,,120.0,120.0,RGB,"(203,101,59)","(83,70,60)","(181,170,157)",PNG
incineroar,Fire,Dark,120.0,120.0,RGB,"(214,82,70)","(97,68,64)","(183,161,139)",PNG
popplio,Water,,120.0,120.0,RGB,"(94,117,150)","(193,204,216)","(116,147,212)",PNG
brionne,Water,,120.0,120.0,RGB,"(129,162,169)","(136,227,243)","(201,211,216)",PNG
primarina,Water,Fairy,120.0,120.0,RGB,"(33,101,188)","(144,165,175)","(191,222,233)",PNG
pikipek,Normal,Flying,120.0,120.0,RGB,"(87,86,86)","(170,168,167)","(224,108,91)",PNG
trumbeak,Normal,Flying,120.0,120.0,RGB,"(87,86,85)","(197,196,195)","(153,137,134)",PNG
toucannon,Normal,Flying,120.0,120.0,RGB,"(90,86,84)","(203,197,164)","(216,121,94)",PNG
yungoos,Normal,,120.0,120.0,RGB,"(189,151,121)","(130,104,84)","(240,234,178)",PNG
gumshoos,Normal,,120.0,120.0,RGB,"(154,136,109)","(229,220,153)","(116,99,77)",PNG
grubbin,Bug,,120.0,120.0,RGB,"(221,183,135)","(212,218,217)","(145,130,111)",PNG
charjabug,Bug,Electric,120.0,120.0,RGB,"(84,105,59)","(186,190,157)","(120,150,99)",PNG
vikavolt,Bug,Electric,120.0,120.0,RGB,"(53,106,116)","(209,213,193)","(140,146,135)",PNG
crabrawler,Fighting,,120.0,120.0,RGB,"(63,162,192)","(100,94,127)","(177,169,173)",PNG
crabominable,Fighting,Ice,120.0,120.0,RGB,"(148,162,169)","(98,107,144)","(188,208,216)",PNG
oricorio-baile,Fire,Flying,120.0,120.0,RGB,"(117,70,71)","(182,160,162)","(224,87,112)",PNG
cutiefly,Bug,Fairy,120.0,120.0,RGB,"(97,95,88)","(255,255,255)","(170,164,136)",PNG
ribombee,Bug,Fairy,120.0,120.0,RGB,"(111,96,78)","(188,181,157)","(228,225,219)",PNG
rockruff,Rock,,120.0,120.0,RGB,"(168,151,145)","(218,191,180)","(122,104,98)",PNG
lycanroc-midday,Rock,,120.0,120.0,RGB,"(162,157,153)","(223,212,204)","(103,98,94)",PNG
wishiwashi-solo,Water,,120.0,120.0,RGB,"(152,154,157)","(91,131,182)","(193,204,210)",PNG
mareanie,Poison,Water,120.0,120.0,RGB,"(115,121,135)","(181,226,230)","(154,168,181)",PNG
toxapex,Poison,Water,120.0,120.0,RGB,"(85,86,117)","(149,157,156)","(190,220,217)",PNG
mudbray,Ground,,120.0,120.0,RGB,"(170,136,121)","(115,99,89)","(222,200,191)",PNG
mudsdale,Ground,,120.0,120.0,RGB,"(154,98,79)","(207,135,114)","(76,80,83)",PNG
dewpider,Water,Bug,120.0,120.0,RGB,"(109,124,77)","(197,205,193)","(113,155,162)",PNG
araquanid,Water,Bug,120.0,120.0,RGB,"(255,255,255)","(88,104,94)","(142,168,149)",PNG
fomantis,Grass,,120.0,120.0,RGB,"(106,131,119)","(138,208,187)","(207,174,181)",PNG
lurantis,Grass,,120.0,120.0,RGB,"(236,135,154)","(157,129,132)","(223,203,206)",PNG
morelull,Grass,Fairy,120.0,120.0,RGB,"(255,255,255)","(132,127,125)","(233,205,222)",PNG
shiinotic,Grass,Fairy,120.0,120.0,RGB,"(133,127,112)","(227,195,203)","(170,172,130)",PNG
salandit,Poison,Fire,120.0,120.0,RGB,"(75,75,75)","(184,182,182)","(117,112,114)",PNG
salazzle,Poison,Fire,120.0,120.0,RGB,"(119,105,119)","(192,190,192)","(80,77,84)",PNG
stufful,Normal,Fighting,120.0,120.0,RGB,"(174,144,146)","(231,194,200)","(111,83,73)",PNG
bewear,Normal,Fighting,120.0,120.0,RGB,"(74,78,72)","(235,196,203)","(160,142,144)",PNG
bounsweet,Grass,,120.0,120.0,RGB,"(150,136,122)","(214,233,177)","(199,116,156)",PNG
steenee,Grass,,120.0,120.0,RGB,"(140,129,118)","(213,237,178)","(180,176,158)",PNG
tsareena,Grass,,120.0,120.0,RGB,"(208,233,171)","(160,96,118)","(163,179,130)",PNG
comfey,Fairy,,120.0,120.0,RGB,"(255,255,254)","(227,211,85)","(209,202,178)",PNG
oranguru,Normal,Psychic,120.0,120.0,RGB,"(255,255,255)","(41,182,111)","(120,98,126)",PNG
passimian,Fighting,,120.0,120.0,RGB,"(93,98,89)","(153,163,147)","(217,223,189)",PNG
wimpod,Bug,Water,120.0,120.0,RGB,"(120,113,119)","(209,213,210)","(162,152,159)",PNG
golisopod,Bug,Water,120.0,120.0,RGB,"(95,102,102)","(149,157,152)","(204,215,208)",PNG
sandygast,Ghost,Ground,120.0,120.0,RGB,"(125,116,97)","(170,164,145)","(221,220,196)",PNG
palossand,Ghost,Ground,120.0,120.0,RGB,"(147,114,88)","(246,209,158)","(195,160,126)",PNG
pyukumuku,Water,,120.0,120.0,RGB,"(255,255,255)","(135,96,112)","(208,131,159)",PNG
type-null,Normal,,120.0,120.0,RGB,"(133,124,116)","(75,76,73)","(180,171,165)",PNG
silvally,Normal,,120.0,120.0,RGB,"(65,69,68)","(152,154,160)","(215,220,225)",PNG
minior-meteor,Rock,Flying,120.0,120.0,RGB,"(118,95,95)","(166,149,148)","(76,63,63)",PNG
komala,Normal,,120.0,120.0,RGB,"(198,203,206)","(120,106,90)","(145,156,163)",PNG
turtonator,Fire,Dragon,120.0,120.0,RGB,"(255,255,255)","(182,179,165)","(226,138,86)",PNG
togedemaru,Electric,Steel,120.0,120.0,RGB,"(172,172,167)","(217,218,201)","(131,131,113)",PNG
mimikyu,Ghost,Fairy,120.0,120.0,RGB,"(104,99,84)","(233,227,186)","(176,170,142)",PNG
bruxish,Water,Psychic,120.0,120.0,RGB,"(200,127,185)","(197,206,188)","(146,120,132)",PNG
drampa,Normal,Dragon,120.0,120.0,RGB,"(117,154,140)","(175,183,163)","(255,255,255)",PNG
dhelmise,Ghost,Grass,120.0,120.0,RGB,"(118,100,55)","(31,124,129)","(175,163,123)",PNG
jangmo-o,Dragon,,120.0,120.0,RGB,"(108,110,105)","(228,224,180)","(170,167,147)",PNG
hakamo-o,Dragon,Fighting,120.0,120.0,RGB,"(155,152,125)","(201,199,181)","(105,104,88)",PNG
kommo-o,Dragon,Fighting,120.0,120.0,RGB,"(133,128,110)","(181,176,155)","(83,81,70)",PNG
tapu-koko,Electric,Fairy,120.0,120.0,RGB,"(254,254,254)","(73,70,50)","(234,206,88)",PNG
tapu-lele,Psychic,Fairy,120.0,120.0,RGB,"(255,255,255)","(192,114,129)","(217,174,190)",PNG
tapu-bulu,Grass,Fairy,120.0,120.0,RGB,"(90,77,61)","(222,110,104)","(186,177,94)",PNG
tapu-fini,Water,Fairy,120.0,120.0,RGB,"(255,255,255)","(67,68,79)","(120,111,151)",PNG
cosmog,Psychic,,120.0,120.0,RGB,"(64,72,118)","(83,165,212)","(153,129,177)",PNG
cosmoem,Psychic,,120.0,120.0,RGB,"(255,255,255)","(44,56,92)","(143,139,129)",PNG
solgaleo,Psychic,Steel,120.0,120.0,RGB,"(115,97,84)","(176,172,146)","(211,216,219)",PNG
lunala,Psychic,Ghost,120.0,120.0,RGB,"(75,60,143)","(228,219,128)","(158,154,146)",PNG
nihilego,Rock,Poison,120.0,120.0,RGB,"(176,190,206)","(210,220,231)","(136,149,165)",PNG
buzzwole,Bug,Fighting,120.0,120.0,RGB,"(65,33,29)","(206,141,113)","(149,66,63)",PNG
pheromosa,Bug,Fighting,120.0,120.0,RGB,"(168,165,161)","(113,111,109)","(212,211,208)",PNG
xurkitree,Electric,,120.0,120.0,RGB,"(67,68,65)","(134,135,128)","(191,197,196)",PNG
celesteela,Steel,Flying,120.0,120.0,RGB,"(112,147,130)","(166,194,170)","(46,87,73)",PNG
kartana,Grass,Steel,120.0,120.0,RGB,"(164,158,148)","(166,129,39)","(215,213,210)",PNG
guzzlord,Dark,Dragon,120.0,120.0,RGB,"(67,105,119)","(39,49,51)","(177,170,103)",PNG
necrozma,Psychic,,120.0,120.0,RGB,"(69,70,75)","(158,159,159)","(34,36,39)",PNG
magearna,Steel,Fairy,120.0,120.0,RGB,"(186,177,165)","(227,217,212)","(138,134,126)",PNG
marshadow,Fighting,Ghost,120.0,120.0,RGB,"(115,116,114)","(76,76,74)","(194,190,186)",PNG
poipole,Poison,,120.0,120.0,RGB,"(138,92,183)","(202,164,203)","(101,71,137)",PNG
naganadel,Poison,Dragon,120.0,120.0,RGB,"(198,165,214)","(146,110,177)","(109,86,125)",PNG
stakataka,Rock,Steel,120.0,120.0,RGB,"(104,108,109)","(150,152,155)","(66,71,71)",PNG
blacephalon,Fire,Ghost,120.0,120.0,RGB,"(255,255,255)","(209,209,213)","(164,156,158)",PNG
zeraora,Electric,,120.0,120.0,RGB,"(164,162,93)","(237,232,91)","(96,97,71)",PNG
meltan,Steel,,120.0,120.0,RGB,"(254,254,254)","(110,89,58)","(160,152,137)",PNG
melmetal,Steel,,120.0,120.0,RGB,"(75,72,71)","(139,136,128)","(213,210,198)",PNG
